step,train_time,quantize_time,aggregate_time,dequantize_time,elasp_time
0_1,3.7360875606536865,0.8839025497436523,0.3344414234161377,0.40035581588745117,1.6192295551300049
0_2,0.1470658779144287,0.9755947589874268,0.3464391231536865,0.40076708793640137,1.7234864234924316
0_3,0.20200419425964355,1.1353933811187744,0.3594331741333008,0.3683736324310303,1.8640918731689453
0_4,0.14629030227661133,1.055992841720581,0.3622879981994629,0.3874671459197998,1.8066880702972412
0_5,0.1495354175567627,1.0502169132232666,0.3396320343017578,0.40081214904785156,1.7913503646850586
0_6,0.17519426345825195,1.0236856937408447,0.40528082847595215,0.37798142433166504,1.8081917762756348
0_7,0.19095635414123535,1.0546510219573975,0.3281872272491455,0.36977624893188477,1.7530860900878906
0_8,0.12806153297424316,1.0290403366088867,0.36031007766723633,0.547126293182373,1.938230276107788
0_9,0.14547443389892578,0.9437875747680664,0.3215320110321045,0.34947800636291504,1.6154849529266357
0_10,0.21234607696533203,1.4192187786102295,0.32082557678222656,0.34938979148864746,2.0900614261627197
0_11,0.16563940048217773,0.9966292381286621,0.33293604850769043,0.4208097457885742,1.7511663436889648
0_12,0.16086935997009277,1.0256321430206299,0.31107211112976074,0.3649427890777588,1.7021324634552002
0_13,0.31688642501831055,0.9735815525054932,0.3358275890350342,0.3916749954223633,1.7020139694213867
0_14,0.17036867141723633,1.120220422744751,0.34105587005615234,0.4636397361755371,1.9256303310394287
0_15,0.14352941513061523,0.9629006385803223,0.4535996913909912,0.4518146514892578,1.869474172592163
0_16,0.15643644332885742,0.9723982810974121,0.3000516891479492,0.3724653720855713,1.6459581851959229
0_17,0.16579604148864746,1.0647802352905273,0.3138141632080078,0.38573217391967773,1.7654054164886475
0_18,0.18348264694213867,0.9774363040924072,0.33860349655151367,0.3799924850463867,1.696746587753296
0_19,0.14333605766296387,1.047900915145874,0.3469986915588379,0.4227924346923828,1.8186860084533691
0_20,0.23711395263671875,0.9702858924865723,0.29668545722961426,0.40296411514282227,1.6711292266845703
0_21,0.19785237312316895,1.1083331108093262,0.360992431640625,0.38045263290405273,1.8512887954711914
0_22,0.1461048126220703,0.9356839656829834,0.28539299964904785,0.4249410629272461,1.6467406749725342
0_23,0.17232131958007812,1.1860620975494385,0.29291820526123047,0.3874928951263428,1.8678054809570312
0_24,0.1795368194580078,1.0062808990478516,0.33899760246276855,0.4288909435272217,1.7756569385528564
0_25,0.1520218849182129,1.0166668891906738,0.27272629737854004,0.38059329986572266,1.6705706119537354
0_26,0.2958829402923584,0.9845929145812988,0.3379638195037842,0.450270414352417,1.773390769958496
0_27,0.1845715045928955,1.1570143699645996,0.3999476432800293,0.42591238021850586,1.9837183952331543
0_28,0.21246814727783203,1.06697416305542,0.3879992961883545,0.4789121150970459,1.9364523887634277
0_29,0.22374701499938965,1.059788703918457,0.3332831859588623,0.4786031246185303,1.872164011001587
0_30,0.29927706718444824,1.115234375,0.3547995090484619,0.4425630569458008,1.9131217002868652
0_31,0.1802351474761963,1.308992624282837,0.3717224597930908,0.4426236152648926,2.1255874633789062
0_32,0.1884160041809082,1.0721542835235596,0.4144866466522217,0.47927308082580566,1.9675202369689941
0_33,0.22399520874023438,1.0279273986816406,0.3549976348876953,0.47516608238220215,1.858976125717163
0_34,0.22830486297607422,1.127035140991211,0.33772945404052734,0.4398002624511719,1.905024528503418
0_35,0.18207097053527832,1.184372901916504,0.36092185974121094,0.44181299209594727,1.9880907535552979
0_36,0.19714021682739258,1.0622906684875488,0.4053647518157959,0.5808095932006836,2.049830198287964
0_37,0.20814180374145508,1.0474038124084473,0.3731396198272705,0.4912116527557373,1.9128775596618652
0_38,0.20615696907043457,1.1360576152801514,0.3352985382080078,0.43703293800354004,1.9092493057250977
0_39,0.17316675186157227,1.2010998725891113,0.3655867576599121,0.45316338539123535,2.0210344791412354
0_40,0.3917551040649414,1.1121056079864502,0.37627339363098145,0.47945165634155273,1.9697363376617432
1_1,0.16843342781066895,0.9362740516662598,0.309828519821167,0.4170849323272705,1.6651184558868408
1_2,0.18139410018920898,1.0967979431152344,0.33414173126220703,0.3994581699371338,1.8315587043762207
1_3,0.16913771629333496,1.0848920345306396,0.30650877952575684,0.39458584785461426,1.7870323657989502
1_4,0.23278427124023438,1.0651381015777588,0.3334217071533203,0.4504573345184326,1.8507721424102783
1_5,0.1921539306640625,0.9445669651031494,0.35037994384765625,0.42530179023742676,1.7210032939910889
1_6,0.17145371437072754,1.1494617462158203,0.31622743606567383,0.39333152770996094,1.859788417816162
1_7,0.1410837173461914,1.0548195838928223,0.4173007011413574,0.47146153450012207,1.9446766376495361
1_8,0.1971421241760254,0.9465198516845703,0.2931981086730957,0.39568448066711426,1.6359848976135254
1_9,0.261629581451416,1.146824836730957,0.38667964935302734,0.393082857131958,1.9275290966033936
1_10,0.14731144905090332,1.0217232704162598,0.31803441047668457,0.4530773162841797,1.7936456203460693
1_11,0.16976261138916016,1.0956482887268066,0.2954075336456299,0.4402506351470947,1.8317880630493164
1_12,0.17840337753295898,1.0046703815460205,0.339691162109375,0.4484128952026367,1.7934517860412598
1_13,0.15464210510253906,1.1198151111602783,0.32933783531188965,0.41261887550354004,1.86269211769104
1_14,0.14632344245910645,1.0375549793243408,0.4379281997680664,0.56740403175354,2.0438737869262695
1_15,0.15305519104003906,0.9908638000488281,0.29269909858703613,0.3919382095336914,1.6761069297790527
1_16,0.22582483291625977,1.2508201599121094,0.38762593269348145,0.4006228446960449,2.0396993160247803
1_17,0.1503887176513672,1.01774001121521,0.3392908573150635,0.5191445350646973,1.876859426498413
1_18,0.16434597969055176,1.0743980407714844,0.2944624423980713,0.431140661239624,1.8013341426849365
1_19,0.20184564590454102,1.004748821258545,0.3670330047607422,0.4217050075531006,1.7943000793457031
1_20,0.16633033752441406,1.0840246677398682,0.31604647636413574,0.4256930351257324,1.8265385627746582
1_21,0.14966201782226562,1.0471820831298828,0.3697037696838379,0.5740072727203369,1.9921319484710693
1_22,0.1341855525970459,1.0055806636810303,0.3021845817565918,0.3970510959625244,1.7052927017211914
1_23,0.17976617813110352,1.238635778427124,0.36358165740966797,0.4078993797302246,2.0109338760375977
1_24,0.1558980941772461,1.0396122932434082,0.3583998680114746,0.4513425827026367,1.8501832485198975
1_25,0.15585112571716309,1.0610957145690918,0.3278360366821289,0.46317005157470703,1.85280442237854
1_26,0.18205714225769043,1.0152089595794678,0.348177433013916,0.4216177463531494,1.786045789718628
1_27,0.17545485496520996,1.163320541381836,0.3105754852294922,0.40813207626342773,1.8829765319824219
1_28,0.1314096450805664,1.0907659530639648,0.5612092018127441,0.4339001178741455,2.0869221687316895
1_29,0.15533661842346191,0.9903476238250732,0.304337739944458,0.3947484493255615,1.68998384475708
1_30,0.2889747619628906,1.1957676410675049,0.2993192672729492,0.3793354034423828,1.8751709461212158
1_31,0.20896053314208984,1.0435407161712646,0.39491724967956543,0.47352004051208496,1.9133307933807373
1_32,0.15362143516540527,1.0248076915740967,0.3669588565826416,0.45132017135620117,1.8440744876861572
1_33,0.13729000091552734,1.071624994277954,0.34053587913513184,0.4214975833892822,1.8344333171844482
1_34,0.18545007705688477,1.1851608753204346,0.30500197410583496,0.38965368270874023,1.8807201385498047
1_35,0.19363999366760254,1.0616233348846436,0.4211692810058594,0.4593696594238281,1.9427266120910645
1_36,0.15436100959777832,0.9856455326080322,0.32152819633483887,0.39193296432495117,1.6995928287506104
1_37,0.1945326328277588,1.2655861377716064,0.30631494522094727,0.39043688774108887,1.9629759788513184
1_38,0.17107367515563965,1.0588629245758057,0.3583672046661377,0.509005069732666,1.931171178817749
1_39,0.16010522842407227,1.030848503112793,0.3274221420288086,0.4736795425415039,1.8325388431549072
1_40,0.14157557487487793,1.02951979637146,0.3382866382598877,0.4584932327270508,1.8271160125732422
2_1,0.15059947967529297,1.0588927268981934,0.34615230560302734,0.43755316734313965,1.843353033065796
2_2,0.147871732711792,1.0275707244873047,0.33902645111083984,0.41132211685180664,1.7786335945129395
2_3,0.3007185459136963,1.091543197631836,0.30235862731933594,0.4127199649810791,1.807119607925415
2_4,0.14437294006347656,1.1329500675201416,0.40046048164367676,0.5517714023590088,2.086921453475952
2_5,0.13310813903808594,0.9628586769104004,0.33037757873535156,0.43241381645202637,1.7263197898864746
2_6,0.24489712715148926,1.1858291625976562,0.30442309379577637,0.38035035133361816,1.8710615634918213
2_7,0.19249677658081055,1.1143875122070312,0.35926103591918945,0.43730878829956055,1.9117400646209717
2_8,0.16402649879455566,1.0313632488250732,0.36823463439941406,0.4620952606201172,1.8628408908843994
2_9,0.15651392936706543,1.0392875671386719,0.37699007987976074,0.4395792484283447,1.8569600582122803
2_10,0.15313196182250977,1.0916435718536377,0.3105776309967041,0.4089958667755127,1.811659812927246
2_11,0.1733543872833252,1.253089189529419,0.389711856842041,0.42675256729125977,2.0713679790496826
2_12,0.2004852294921875,0.9561202526092529,0.33687543869018555,0.5261356830596924,1.8206732273101807
2_13,0.19881916046142578,1.1264193058013916,0.3093295097351074,0.39679384231567383,1.8329887390136719
2_14,0.1738114356994629,1.2008113861083984,0.37120556831359863,0.4473755359649658,2.0206456184387207
2_15,0.18970656394958496,0.972416877746582,0.36782097816467285,0.4419581890106201,1.7831017971038818
2_16,0.16013288497924805,1.0772581100463867,0.42286109924316406,0.4033815860748291,1.9045252799987793
2_17,0.16637158393859863,1.103607416152954,0.32181525230407715,0.4291830062866211,1.8550877571105957
2_18,0.15631389617919922,1.1852529048919678,0.32607054710388184,0.4128732681274414,1.9249687194824219
2_19,0.16553592681884766,0.9972057342529297,0.356365442276001,0.5427312850952148,1.8970909118652344
2_20,0.28429484367370605,0.9976015090942383,0.3288438320159912,0.4237630367279053,1.7508997917175293
2_21,0.21390366554260254,1.173487663269043,0.4006917476654053,0.3913435935974121,1.966480016708374
2_22,0.13969182968139648,1.0991108417510986,0.33657002449035645,0.4299802780151367,1.8663861751556396
2_23,0.16803383827209473,1.19504976272583,0.3651723861694336,0.46230554580688477,2.0234005451202393
2_24,0.17387652397155762,1.0166356563568115,0.36597418785095215,0.4652111530303955,1.849048137664795
2_25,0.19311094284057617,1.092294692993164,0.3140096664428711,0.3865699768066406,1.7933323383331299
2_26,0.18462276458740234,1.1722960472106934,0.4387495517730713,0.4216325283050537,2.0335073471069336
2_27,0.1644735336303711,0.9781830310821533,0.3191351890563965,0.5343136787414551,1.8322474956512451
2_28,0.23567843437194824,1.1025443077087402,0.33399152755737305,0.39881443977355957,1.8361330032348633
2_29,0.2050633430480957,1.1142406463623047,0.4131655693054199,0.4267289638519287,1.9549171924591064
2_30,0.18378853797912598,1.0615568161010742,0.3586452007293701,0.4045403003692627,1.8253445625305176
2_31,0.1561441421508789,1.0754036903381348,0.38080716133117676,0.4729490280151367,1.9302828311920166
2_32,0.1703968048095703,1.0590808391571045,0.31841135025024414,0.434401273727417,1.8123972415924072
2_33,0.1474001407623291,1.2742486000061035,0.3428494930267334,0.4100360870361328,2.027897834777832
2_34,0.20198702812194824,0.9847874641418457,0.5467264652252197,0.6125953197479248,2.1451058387756348
2_35,0.2006070613861084,1.0872066020965576,0.34141087532043457,0.39835286140441895,1.8280856609344482
2_36,0.1536712646484375,1.151160478591919,0.34427690505981445,0.475527286529541,1.9716882705688477
2_37,0.13381457328796387,1.0874464511871338,0.3277781009674072,0.4083900451660156,1.8245270252227783
2_38,0.18750429153442383,1.1216695308685303,0.3717637062072754,0.5138373374938965,2.0083723068237305
2_39,0.19748663902282715,1.0210766792297363,0.3416788578033447,0.45529794692993164,1.8186719417572021
2_40,0.13941526412963867,1.2620368003845215,0.3188455104827881,0.39766693115234375,1.979264736175537
3_1,0.1595156192779541,1.1253092288970947,0.3584458827972412,0.4540846347808838,1.9385578632354736
3_2,0.2039494514465332,0.9625110626220703,0.42201709747314453,0.4573819637298584,1.8427150249481201
3_3,0.22993755340576172,1.1070525646209717,0.3214547634124756,0.38410282135009766,1.8130531311035156
3_4,0.15463495254516602,1.158057451248169,0.4118156433105469,0.47219157218933105,2.0435373783111572
3_5,0.1562790870666504,0.9732778072357178,0.38033151626586914,0.5047788619995117,1.8721532821655273
3_6,0.17276978492736816,1.1539993286132812,0.321422815322876,0.39768409729003906,1.8735721111297607
3_7,0.17481422424316406,1.1579272747039795,0.3964402675628662,0.43109941482543945,1.9873566627502441
3_8,0.19254446029663086,1.0831637382507324,0.34543395042419434,0.45542216300964355,1.884838581085205
3_9,0.13447117805480957,1.0562474727630615,0.4200108051300049,0.44522595405578613,1.9227368831634521
3_10,0.17227554321289062,1.0208637714385986,0.32053184509277344,0.39211249351501465,1.733952283859253
3_11,0.18194580078125,1.2343995571136475,0.3576197624206543,0.425004243850708,2.017946243286133
3_12,0.17269110679626465,0.972862720489502,0.45108652114868164,0.5490953922271729,1.9739186763763428
3_13,0.1862630844116211,1.092731237411499,0.3242030143737793,0.392561674118042,1.8099565505981445
3_14,0.17247653007507324,1.2122693061828613,0.3578665256500244,0.4565243721008301,2.02752947807312
3_15,0.13794779777526855,1.0471043586730957,0.35042357444763184,0.4362144470214844,1.8344647884368896
3_16,0.1859297752380371,1.1521673202514648,0.39246511459350586,0.44458532333374023,1.9902796745300293
3_17,0.20579171180725098,1.02907133102417,0.3849294185638428,0.43906593322753906,1.8536858558654785
3_18,0.15672755241394043,1.1798217296600342,0.3300354480743408,0.40976524353027344,1.9203979969024658
3_19,0.1357564926147461,1.1989474296569824,0.6033363342285156,0.42607998847961426,2.2289836406707764
3_20,0.14075708389282227,1.0127105712890625,0.31688809394836426,0.4948732852935791,1.8249616622924805
3_21,0.20707082748413086,1.2545974254608154,0.3224508762359619,0.43002748489379883,2.0077080726623535
3_22,0.22046613693237305,1.2976877689361572,0.412278413772583,0.4239194393157959,2.1350958347320557
3_23,0.16900324821472168,1.130049228668213,0.3345344066619873,0.38332104682922363,1.8484892845153809
3_24,0.14414691925048828,1.26181960105896,0.4542405605316162,0.4342644214630127,2.1606040000915527
3_25,0.15558815002441406,0.9855985641479492,0.35188770294189453,0.5364522933959961,1.8745243549346924
3_26,0.19131779670715332,1.1804008483886719,0.317241907119751,0.39726877212524414,1.8953745365142822
3_27,0.13281941413879395,1.2083499431610107,0.3965482711791992,0.4702138900756836,2.076246738433838
3_28,0.170058012008667,0.9882810115814209,0.4756040573120117,0.44633007049560547,1.9212901592254639
3_29,0.17936086654663086,1.195091724395752,0.3213491439819336,0.4226810932159424,1.939591646194458
3_30,0.21843719482421875,1.0735173225402832,0.3739609718322754,0.42180657386779785,1.869791030883789
3_31,0.16878056526184082,1.1327638626098633,0.37276697158813477,0.40164685249328613,1.9080936908721924
3_32,0.12736845016479492,1.0682671070098877,0.38905930519104004,0.518805742263794,1.9769175052642822
3_33,0.15380406379699707,1.0412225723266602,0.3232104778289795,0.3945341110229492,1.7594192028045654
3_34,0.20126700401306152,1.380678653717041,0.3369259834289551,0.4106297492980957,2.1288115978240967
3_35,0.17736315727233887,1.0170705318450928,0.4842708110809326,0.4631307125091553,1.980423927307129
3_36,0.14394164085388184,1.0804810523986816,0.33201026916503906,0.43816518783569336,1.8514127731323242
3_37,0.1362895965576172,1.1875312328338623,0.36166810989379883,0.5034661293029785,2.0535836219787598
3_38,0.1502366065979004,1.0765795707702637,0.36022400856018066,0.39682698249816895,1.8344953060150146
3_39,0.1685962677001953,1.2193171977996826,0.4113044738769531,0.40459346771240234,2.037480354309082
3_40,0.17660188674926758,0.9856879711151123,0.3281705379486084,0.5380964279174805,1.8530786037445068
4_1,0.13737702369689941,1.207324743270874,0.4994165897369385,0.4486255645751953,2.1563549041748047
4_2,0.1574404239654541,0.9896798133850098,0.3307154178619385,0.5993599891662598,1.9207627773284912
4_3,0.2545633316040039,1.1402146816253662,0.33457064628601074,0.39334630966186523,1.8687217235565186
4_4,0.17900323867797852,1.1424121856689453,0.3956875801086426,0.42671966552734375,1.9659461975097656
4_5,0.18738794326782227,1.0372710227966309,0.3944852352142334,0.4082529544830322,1.8410208225250244
4_6,0.18152403831481934,1.0934739112854004,0.42127251625061035,0.41769838333129883,1.9335057735443115
4_7,0.15833520889282227,1.077451467514038,0.3471648693084717,0.4354403018951416,1.860802412033081
4_8,0.14337515830993652,1.184868335723877,0.34339165687561035,0.41785764694213867,1.9469208717346191
4_9,0.1803572177886963,1.0016276836395264,0.39882516860961914,0.6909222602844238,2.093198776245117
4_10,0.271989107131958,0.9971530437469482,0.3256509304046631,0.4049403667449951,1.7281818389892578
4_11,0.19954562187194824,1.2808117866516113,0.40877199172973633,0.3794538974761963,2.0702292919158936
4_12,0.1506824493408203,1.0681893825531006,0.3457674980163574,0.46945691108703613,1.8842976093292236
4_13,0.1480555534362793,1.1286273002624512,0.3278350830078125,0.4622652530670166,1.9195666313171387
4_14,0.19613957405090332,1.0221123695373535,0.40750765800476074,0.5484941005706787,1.979079008102417
4_15,0.18061423301696777,1.1269288063049316,0.34310173988342285,0.38114428520202637,1.8523168563842773
4_16,0.15884733200073242,1.236443281173706,0.4707202911376953,0.4623076915740967,2.1704509258270264
4_17,0.14098811149597168,1.0043971538543701,0.33732056617736816,0.5642566680908203,1.9073584079742432
4_18,0.15764975547790527,1.175797939300537,0.34018874168395996,0.3913278579711914,1.9077873229980469
4_19,0.17881488800048828,1.1299865245819092,0.41045498847961426,0.416759729385376,1.9586760997772217
4_20,0.1717848777770996,1.055647373199463,0.38419389724731445,0.4151020050048828,1.8564598560333252
4_21,0.15859103202819824,1.078932285308838,0.45093417167663574,0.4427917003631592,1.9742984771728516
4_22,0.1784803867340088,1.059868335723877,0.324354887008667,0.4406626224517822,1.8254036903381348
4_23,0.1503591537475586,1.2710297107696533,0.35153841972351074,0.3991355895996094,2.0226447582244873
4_24,0.190507173538208,1.0005571842193604,0.4267578125,0.6928386688232422,2.1210179328918457
4_25,0.17548155784606934,1.0482521057128906,0.35511183738708496,0.3867197036743164,1.7907629013061523
4_26,0.1606001853942871,1.3483262062072754,0.3697829246520996,0.42166924476623535,2.1406688690185547
4_27,0.1417219638824463,1.1235017776489258,0.36536598205566406,0.4286792278289795,1.918534517288208
4_28,0.1650373935699463,1.1977276802062988,0.3719217777252197,0.4693267345428467,2.0398671627044678
4_29,0.2001204490661621,0.9944987297058105,0.45891308784484863,0.431257963180542,1.8858439922332764
4_30,0.258925199508667,1.1217377185821533,0.33069467544555664,0.37740349769592285,1.8303005695343018
4_31,0.15817880630493164,1.182488203048706,0.465533971786499,0.442279577255249,2.091804027557373
4_32,0.13298797607421875,1.033827543258667,0.44679784774780273,0.5605974197387695,2.042447805404663
4_33,0.1716773509979248,1.1226654052734375,0.3207526206970215,0.4610104560852051,1.9053056240081787
4_34,0.14914608001708984,1.1103627681732178,0.35876989364624023,0.45726990699768066,1.9282500743865967
4_35,0.19098949432373047,1.0969264507293701,0.35153794288635254,0.43767762184143066,1.8867475986480713
4_36,0.177109956741333,1.1659438610076904,0.5141723155975342,0.3969995975494385,2.0777101516723633
4_37,0.20335841178894043,1.0094401836395264,0.3667595386505127,0.4319934844970703,1.8091185092926025
4_38,0.34737682342529297,1.1551129817962646,0.34061455726623535,0.4090127944946289,1.9054720401763916
4_39,0.1358029842376709,1.2869231700897217,0.41879987716674805,0.45156097412109375,2.158080577850342
4_40,0.12037324905395508,1.0137276649475098,0.38748979568481445,0.4120607376098633,1.8139381408691406
5_1,0.1564018726348877,1.1208198070526123,0.40819215774536133,0.4110274314880371,1.9409751892089844
5_2,0.14932012557983398,1.0871729850769043,0.33912038803100586,0.4627516269683838,1.8896348476409912
5_3,0.16518735885620117,1.1742076873779297,0.378950834274292,0.413679838180542,1.9676525592803955
5_4,0.18504714965820312,1.0107860565185547,0.4849081039428711,0.4934089183807373,1.9901907444000244
5_5,0.20035886764526367,1.062814712524414,0.3348548412322998,0.39085865020751953,1.789074420928955
5_6,0.1743156909942627,1.2624547481536865,0.4357755184173584,0.4039888381958008,2.1032392978668213
5_7,0.14553427696228027,1.0961253643035889,0.357738733291626,0.4856400489807129,1.9411590099334717
5_8,0.15493035316467285,1.1540913581848145,0.3369879722595215,0.46231532096862793,1.9539434909820557
5_9,0.1851823329925537,1.1063239574432373,0.3673551082611084,0.46762895584106445,1.9423415660858154
5_10,0.18836379051208496,1.116743564605713,0.3523399829864502,0.4012620449066162,1.8712279796600342
5_11,0.1868147850036621,1.2554512023925781,0.4336822032928467,0.40837812423706055,2.0998592376708984
5_12,0.18588542938232422,0.9925966262817383,0.34358954429626465,0.635958194732666,1.972604513168335
5_13,0.24100494384765625,1.1286840438842773,0.35120177268981934,0.39358949661254883,1.8740339279174805
5_14,0.14939570426940918,1.2213783264160156,0.47500157356262207,0.4528677463531494,2.1503684520721436
5_15,0.15881824493408203,1.0399694442749023,0.37441086769104004,0.45383238792419434,1.870048999786377
5_16,0.18488311767578125,1.2166714668273926,0.3459146022796631,0.42766475677490234,1.990835189819336
5_17,0.19879937171936035,1.0795567035675049,0.39605164527893066,0.41364121437072754,1.8898499011993408
5_18,0.17830848693847656,1.1802868843078613,0.3626716136932373,0.40178561210632324,1.9454395771026611
5_19,0.1382441520690918,1.0841808319091797,0.4436464309692383,0.49898815155029297,2.0275707244873047
5_20,0.1584458351135254,1.0447850227355957,0.3391110897064209,0.37548398971557617,1.7598392963409424
5_21,0.197068452835083,1.4499268531799316,0.3326449394226074,0.4002361297607422,2.1832897663116455
5_22,0.21450042724609375,1.1008336544036865,0.5045456886291504,0.4399125576019287,2.046011209487915
5_23,0.14917445182800293,1.0899646282196045,0.4290196895599365,0.4107553958892822,1.9311871528625488
5_24,0.14193153381347656,1.1151070594787598,0.40311193466186523,0.47394537925720215,1.9930825233459473
5_25,0.25240063667297363,1.0793120861053467,0.3586430549621582,0.455341100692749,1.8938970565795898
5_26,0.20186591148376465,1.3113718032836914,0.3533439636230469,0.4062333106994629,2.0715572834014893
5_27,0.15182924270629883,1.0936994552612305,0.5760114192962646,0.5098028182983398,2.180677652359009
5_28,0.14494609832763672,1.0013866424560547,0.49085354804992676,0.4218289852142334,1.914654016494751
5_29,0.22196483612060547,1.1469683647155762,0.33722972869873047,0.4054274559020996,1.8901891708374023
5_30,0.2049243450164795,1.1250712871551514,0.4810149669647217,0.44877052307128906,2.055866003036499
5_31,0.19526934623718262,1.0898303985595703,0.37952613830566406,0.3870525360107422,1.8571388721466064
5_32,0.1499791145324707,1.1790058612823486,0.4701111316680908,0.43037891387939453,2.080336332321167
5_33,0.14005708694458008,1.0412023067474365,0.34375548362731934,0.46334338188171387,1.8490662574768066
5_34,0.2676980495452881,1.2317428588867188,0.3504221439361572,0.4128551483154297,1.9960663318634033
5_35,0.13091754913330078,1.1956136226654053,0.4114360809326172,0.4619710445404053,2.069955348968506
5_36,0.175506591796875,1.0312387943267822,0.3632466793060303,0.4329183101654053,1.8282124996185303
5_37,0.20583891868591309,1.1631214618682861,0.406205415725708,0.40134739875793457,1.9714064598083496
5_38,0.15508699417114258,1.1118464469909668,0.346541166305542,0.550344705581665,2.009366750717163
5_39,0.1461348533630371,1.1895666122436523,0.35882115364074707,0.4095883369445801,1.958700180053711
5_40,0.14170503616333008,1.0698904991149902,0.39284515380859375,0.5669658184051514,2.0309102535247803
6_1,0.2131490707397461,1.2064640522003174,0.4071085453033447,0.5653908252716064,2.179959535598755
6_2,0.20434904098510742,1.239699363708496,0.4205942153930664,0.48540520668029785,2.146479606628418
6_3,0.21718645095825195,1.3277587890625,0.4051322937011719,0.47036218643188477,2.2037148475646973
6_4,0.20057463645935059,1.3077070713043213,0.459153413772583,0.4859614372253418,2.2540674209594727
6_5,0.21304917335510254,1.3094279766082764,0.42862439155578613,0.5035583972930908,2.2424187660217285
6_6,0.2384335994720459,1.2419984340667725,0.5283544063568115,0.550382137298584,2.321577787399292
6_7,0.1487736701965332,1.0227408409118652,0.34188032150268555,0.4241516590118408,1.7895004749298096
6_8,0.16660475730895996,1.0807363986968994,0.3430650234222412,0.4346339702606201,1.8590149879455566
6_9,0.16457176208496094,1.2302017211914062,0.3441274166107178,0.44307637214660645,2.0182676315307617
6_10,0.15397214889526367,1.0568997859954834,0.39868950843811035,0.5504074096679688,2.006803274154663
6_11,0.2147078514099121,1.060831069946289,0.34137511253356934,0.3863978385925293,1.7894110679626465
6_12,0.194777250289917,1.4486308097839355,0.3662605285644531,0.38104724884033203,2.1969969272613525
6_13,0.17686223983764648,1.0769636631011963,0.399808406829834,0.48238182067871094,1.9599623680114746
6_14,0.14576983451843262,1.126331090927124,0.395322322845459,0.4264500141143799,1.9493751525878906
6_15,0.14229440689086914,1.1116435527801514,0.3765072822570801,0.46872854232788086,1.9584636688232422
6_16,0.14739322662353516,1.105881690979004,0.3612208366394043,0.4020116329193115,1.8696742057800293
6_17,0.2033092975616455,1.288139820098877,0.3745894432067871,0.4292464256286621,2.092723846435547
6_18,0.17601323127746582,1.047175407409668,0.5410671234130859,0.6159689426422119,2.205071210861206
6_19,0.22150397300720215,1.0652079582214355,0.3614356517791748,0.3916609287261963,1.8189284801483154
6_20,0.16080141067504883,1.2810561656951904,0.42450952529907227,0.3935048580169678,2.099675178527832
6_21,0.13451218605041504,1.1209428310394287,0.3510434627532959,0.46726369857788086,1.9401929378509521
6_22,0.16969060897827148,1.1474971771240234,0.4100477695465088,0.5034446716308594,2.061457872390747
6_23,0.15143895149230957,1.0807387828826904,0.47071385383605957,0.445889949798584,1.9983692169189453
6_24,0.18785881996154785,1.1359784603118896,0.3410470485687256,0.37946152687072754,1.8569276332855225
6_25,0.20123291015625,1.2318854331970215,0.47217321395874023,0.4314107894897461,2.1363368034362793
6_26,0.17058491706848145,1.0173966884613037,0.37445926666259766,0.5965633392333984,1.9894561767578125
6_27,0.16698575019836426,1.2163548469543457,0.3559398651123047,0.47067928314208984,2.043546676635742
6_28,0.17325210571289062,1.1698381900787354,0.41272878646850586,0.46375489234924316,2.0473923683166504
6_29,0.144364595413208,1.1475951671600342,0.34434056282043457,0.39793920516967773,1.8905000686645508
6_30,0.21462249755859375,1.2455453872680664,0.37663793563842773,0.43144750595092773,2.0545742511749268
6_31,0.1831676959991455,0.983144998550415,0.4534287452697754,0.5315656661987305,1.9694571495056152
6_32,0.2852170467376709,1.0694072246551514,0.34502172470092773,0.3801558017730713,1.7952394485473633
6_33,0.14922165870666504,1.363335132598877,0.43811464309692383,0.41804933547973633,2.22062349319458
6_34,0.13606476783752441,1.0424001216888428,0.4365692138671875,0.4911491870880127,1.9712793827056885
6_35,0.14791154861450195,1.1162567138671875,0.341350793838501,0.43462276458740234,1.8931891918182373
6_36,0.19534993171691895,1.1271910667419434,0.3774726390838623,0.46346306800842285,1.968851089477539
6_37,0.18303728103637695,1.0987844467163086,0.38808345794677734,0.3926370143890381,1.8800451755523682
6_38,0.18519306182861328,1.1893339157104492,0.4976973533630371,0.40906381607055664,2.0967540740966797
6_39,0.15909051895141602,1.0472092628479004,0.3537123203277588,0.5682721138000488,1.969644546508789
6_40,0.288773775100708,1.1624305248260498,0.3573019504547119,0.4022960662841797,1.9224827289581299
7_1,0.18516898155212402,1.153184175491333,0.4602677822113037,0.4183344841003418,2.032336711883545
7_2,0.1750345230102539,1.0920639038085938,0.3884468078613281,0.43656373023986816,1.9178123474121094
7_3,0.17914557456970215,1.105492115020752,0.4583420753479004,0.45876479148864746,2.0235466957092285
7_4,0.15498924255371094,1.0618433952331543,0.3539867401123047,0.43215155601501465,1.8484365940093994
7_5,0.15912222862243652,1.3304176330566406,0.3596370220184326,0.44071054458618164,2.1315805912017822
7_6,0.14902186393737793,1.078075647354126,0.5093412399291992,0.5444681644439697,2.1329939365386963
7_7,0.21653079986572266,1.021610975265503,0.35608863830566406,0.41843175888061523,1.7969307899475098
7_8,0.20195627212524414,1.3123500347137451,0.39548492431640625,0.39243268966674805,2.101212978363037
7_9,0.18573784828186035,1.1316277980804443,0.4638638496398926,0.45090699195861816,2.047039747238159
7_10,0.14491891860961914,1.1942470073699951,0.3924527168273926,0.4264070987701416,2.014004707336426
7_11,0.14816021919250488,1.1284232139587402,0.39883995056152344,0.5125076770782471,2.041712522506714
7_12,0.19252419471740723,1.057274341583252,0.36069393157958984,0.44716453552246094,1.866319179534912
7_13,0.1502828598022461,1.4356272220611572,0.35462522506713867,0.4135136604309082,2.204763174057007
7_14,0.14571762084960938,1.218817949295044,0.46044921875,0.6113429069519043,2.291809320449829
7_15,0.13791680335998535,1.0163977146148682,0.39794063568115234,0.4456954002380371,1.8610038757324219
7_16,0.18735957145690918,1.2464632987976074,0.3557589054107666,0.46330857276916504,2.066577196121216
7_17,0.2741549015045166,1.1404356956481934,0.45688295364379883,0.5032434463500977,2.1012344360351562
7_18,0.2438793182373047,1.090266466140747,0.35031867027282715,0.39980459213256836,1.8408503532409668
7_19,0.1867358684539795,1.5152311325073242,0.38138389587402344,0.4128596782684326,2.309919834136963
7_20,0.17583537101745605,1.0913341045379639,0.5375604629516602,0.457470178604126,2.0874650478363037
7_21,0.17404866218566895,1.049633264541626,0.3592565059661865,0.4459249973297119,1.8555727005004883
7_22,0.167738676071167,1.1658351421356201,0.4445807933807373,0.42839765548706055,2.0397374629974365
7_23,0.14197158813476562,1.1703321933746338,0.37769317626953125,0.4669489860534668,2.015796184539795
7_24,0.15158987045288086,1.2247605323791504,0.3923685550689697,0.43736863136291504,2.0553433895111084
7_25,0.14118504524230957,1.073427677154541,0.43672943115234375,0.5830538272857666,2.094639301300049
7_26,0.15088844299316406,1.0567076206207275,0.3532536029815674,0.39548373222351074,1.8058853149414062
7_27,0.20443105697631836,1.4294955730438232,0.3632853031158447,0.4179496765136719,2.2113242149353027
7_28,0.18273186683654785,1.187774896621704,0.5004894733428955,0.46277737617492676,2.1521599292755127
7_29,0.17226147651672363,1.0378670692443848,0.36322450637817383,0.4582483768463135,1.8599286079406738
7_30,0.2179698944091797,1.2293882369995117,0.4061410427093506,0.41440296173095703,2.050790309906006
7_31,0.16353940963745117,1.0860629081726074,0.3870270252227783,0.49598145484924316,1.9705777168273926
7_32,0.15059971809387207,1.1743137836456299,0.3892793655395508,0.4141716957092285,1.9785521030426025
7_33,0.14747190475463867,1.0911288261413574,0.39507198333740234,0.6532511711120605,2.140077829360962
7_34,0.13357305526733398,1.0296640396118164,0.374103307723999,0.3965575695037842,1.8008928298950195
7_35,0.18616676330566406,1.4272267818450928,0.35895204544067383,0.3929297924041748,2.17978835105896
7_36,0.1814413070678711,1.117872714996338,0.5528697967529297,0.4953470230102539,2.177807092666626
7_37,0.16543221473693848,1.0389885902404785,0.40960073471069336,0.4208853244781494,1.8705475330352783
7_38,0.1715404987335205,1.1215615272521973,0.4340040683746338,0.4121055603027344,1.9684538841247559
7_39,0.1658487319946289,1.1782622337341309,0.3701012134552002,0.5212044715881348,2.0701420307159424
7_40,0.13514947891235352,1.1880993843078613,0.4012894630432129,0.4109334945678711,2.001371145248413
8_1,0.12857890129089355,1.0101597309112549,0.3871333599090576,0.49082064628601074,1.8887946605682373
8_2,0.30768823623657227,1.2078845500946045,0.362809419631958,0.39522600173950195,1.9664063453674316
8_3,0.1335299015045166,1.2302465438842773,0.422055721282959,0.5191621780395508,2.172253131866455
8_4,0.1477975845336914,1.1179172992706299,0.4200117588043213,0.41930556297302246,1.9579999446868896
8_5,0.19573163986206055,1.200690746307373,0.3595848083496094,0.48440003395080566,2.0454633235931396
8_6,0.19721245765686035,1.0309720039367676,0.47142863273620605,0.45760369300842285,1.9609754085540771
8_7,0.1801457405090332,1.1990926265716553,0.35420870780944824,0.39960694313049316,1.9533634185791016
8_8,0.1847372055053711,1.3992242813110352,0.3953287601470947,0.4387087821960449,2.234121322631836
8_9,0.19953131675720215,1.1915161609649658,0.49428534507751465,0.45256948471069336,2.139277219772339
8_10,0.15933847427368164,1.0649924278259277,0.42696571350097656,0.4348909854888916,1.927675724029541
8_11,0.20082688331604004,1.1403486728668213,0.4479842185974121,0.4056284427642822,1.994886875152588
8_12,0.15409493446350098,1.1254098415374756,0.3604001998901367,0.4786872863769531,1.96517014503479
8_13,0.1573467254638672,1.2319014072418213,0.38701391220092773,0.42605042457580566,2.0456018447875977
8_14,0.1544201374053955,1.1619582176208496,0.4380667209625244,0.5328314304351807,2.133713722229004
8_15,0.15087509155273438,1.0864381790161133,0.3586738109588623,0.40526700019836426,1.8508470058441162
8_16,0.2589857578277588,1.2803947925567627,0.3529224395751953,0.40731024742126465,2.041088104248047
8_17,0.1855311393737793,1.1565961837768555,0.4640624523162842,0.4162430763244629,2.0377073287963867
8_18,0.14886951446533203,1.1055293083190918,0.4253528118133545,0.42440056800842285,1.9559850692749023
8_19,0.14046549797058105,1.1292715072631836,0.4134221076965332,0.4815101623535156,2.0252888202667236
8_20,0.26201391220092773,1.066507339477539,0.3857996463775635,0.46907591819763184,1.922243356704712
8_21,0.1510026454925537,1.3046369552612305,0.38692593574523926,0.4030303955078125,2.095445156097412
8_22,0.13692355155944824,1.118750810623169,0.4337730407714844,0.5989227294921875,2.1526198387145996
8_23,0.14542126655578613,1.0401639938354492,0.3803999423980713,0.4572927951812744,1.8784263134002686
8_24,0.2404041290283203,1.2747883796691895,0.3570249080657959,0.39951157569885254,2.031782865524292
8_25,0.17003583908081055,1.2908244132995605,0.403395414352417,0.5220761299133301,2.216926097869873
8_26,0.15975093841552734,1.0682084560394287,0.42800235748291016,0.4282691478729248,1.9254567623138428
8_27,0.19414567947387695,1.217005968093872,0.40522098541259766,0.4381101131439209,2.061065196990967
8_28,0.2097618579864502,1.0498809814453125,0.4145689010620117,0.47908663749694824,1.9445841312408447
8_29,0.175215482711792,1.1475341320037842,0.3851466178894043,0.40234375,1.9358477592468262
8_30,0.13565492630004883,1.5485661029815674,0.4431793689727783,0.39748191833496094,2.3900279998779297
8_31,0.16779255867004395,1.0245370864868164,0.4312710762023926,0.5574245452880859,2.0145976543426514
8_32,0.27210140228271484,1.0721704959869385,0.38788723945617676,0.4233982563018799,1.8842833042144775
8_33,0.18173670768737793,1.2460393905639648,0.3989415168762207,0.46891236305236816,2.114739179611206
8_34,0.15134644508361816,1.1535804271697998,0.3669290542602539,0.49114322662353516,2.0123000144958496
8_35,0.15035176277160645,1.1469645500183105,0.48283886909484863,0.42502570152282715,2.0554208755493164
8_36,0.16817021369934082,1.098639726638794,0.4135589599609375,0.5149242877960205,2.027682065963745
8_37,0.20682382583618164,1.090740442276001,0.3614225387573242,0.4102144241333008,1.86305832862854
8_38,0.1583855152130127,1.2830591201782227,0.5022108554840088,0.3974313735961914,2.1832191944122314
8_39,0.12674951553344727,1.0646319389343262,0.4344182014465332,0.5107858180999756,2.010650634765625
8_40,0.1377241611480713,1.1437065601348877,0.3601088523864746,0.47617363929748535,1.9805665016174316
9_1,0.1277604103088379,1.0237643718719482,0.5029792785644531,0.48386168479919434,2.01137113571167
9_2,0.1711893081665039,1.1817808151245117,0.3577895164489746,0.4162755012512207,1.9564056396484375
9_3,0.2572047710418701,1.1142971515655518,0.3969612121582031,0.4890165328979492,2.0011284351348877
9_4,0.16584324836730957,1.1688048839569092,0.39453601837158203,0.3958127498626709,1.959824562072754
9_5,0.19651532173156738,1.2530858516693115,0.44289493560791016,0.43288373947143555,2.131045341491699
9_6,0.2045583724975586,1.0342378616333008,0.43134403228759766,0.5284929275512695,1.9946479797363281
9_7,0.2341012954711914,1.1246612071990967,0.3907783031463623,0.39743852615356445,1.913522720336914
9_8,0.1435081958770752,1.2558033466339111,0.41550397872924805,0.46250200271606445,2.135012626647949
9_9,0.14063572883605957,1.1016087532043457,0.40107226371765137,0.504676342010498,2.007946014404297
9_10,0.17847847938537598,1.1116700172424316,0.3863844871520996,0.4767482280731201,1.9756240844726562
9_11,0.19850659370422363,1.1117327213287354,0.40984272956848145,0.43164849281311035,1.9540460109710693
9_12,0.19328713417053223,1.1665012836456299,0.37694406509399414,0.3989753723144531,1.9432315826416016
9_13,0.1901254653930664,1.382045030593872,0.44750380516052246,0.409299373626709,2.240049123764038
9_14,0.18152260780334473,1.0573420524597168,0.45871520042419434,0.6819319725036621,2.199228286743164
9_15,0.20812535285949707,1.084092140197754,0.3673286437988281,0.42554450035095215,1.8775854110717773
9_16,0.17899060249328613,1.240828037261963,0.468975305557251,0.3924398422241211,2.1031076908111572
9_17,0.12970876693725586,1.1664645671844482,0.3932037353515625,0.48604655265808105,2.046307325363159
9_18,0.1962890625,1.131988286972046,0.43751072883605957,0.46895360946655273,2.0402069091796875
9_19,0.14525294303894043,1.1058344841003418,0.4631953239440918,0.5566425323486328,2.1266093254089355
9_20,0.19262003898620605,1.3237826824188232,0.4360215663909912,0.5159001350402832,2.276148796081543
9_21,0.22911524772644043,1.4046032428741455,0.4326314926147461,0.48296380043029785,2.3208255767822266
9_22,0.2411510944366455,1.3971922397613525,0.46122193336486816,0.4889662265777588,2.348092555999756
9_23,0.21491265296936035,1.4127917289733887,0.44206976890563965,0.49796295166015625,2.353539228439331
9_24,0.20667457580566406,1.3834424018859863,0.48887062072753906,0.485292911529541,2.3584628105163574
9_25,0.20587658882141113,1.3816859722137451,0.48428869247436523,0.5058178901672363,2.3723623752593994
9_26,0.20714020729064941,1.2795615196228027,0.5431842803955078,0.5247957706451416,2.3485350608825684
9_27,0.16844391822814941,1.2314894199371338,0.5238666534423828,0.5857594013214111,2.3424532413482666
9_28,0.20755934715270996,1.195868730545044,0.475510835647583,0.5796463489532471,2.2516560554504395
9_29,0.23027992248535156,1.2843947410583496,0.4426133632659912,0.5723981857299805,2.3009040355682373
9_30,0.18764567375183105,1.3093993663787842,0.4475739002227783,0.48629212379455566,2.2443950176239014
9_31,0.19655895233154297,1.393078327178955,0.44608330726623535,0.5178289413452148,2.35760760307312
9_32,0.17371392250061035,1.368696928024292,0.47482752799987793,0.49712252616882324,2.3412961959838867
9_33,0.18745017051696777,1.3526012897491455,0.4905385971069336,0.5311453342437744,2.374919891357422
9_34,0.17628240585327148,1.2573051452636719,0.5154247283935547,0.528538703918457,2.3021161556243896
9_35,0.19467401504516602,1.2273545265197754,0.5540509223937988,0.6364333629608154,2.4288854598999023
9_36,0.16329693794250488,1.1301934719085693,0.3731858730316162,0.4274594783782959,1.931396484375
9_37,0.1595463752746582,1.1735022068023682,0.36504697799682617,0.41019392013549805,1.9492993354797363
9_38,0.16983842849731445,1.3138086795806885,0.5055971145629883,0.3963196277618408,2.2170934677124023
9_39,0.14274048805236816,1.0525257587432861,0.4324815273284912,0.52774977684021,2.0139384269714355
9_40,0.15000486373901367,1.166916847229004,0.3632833957672119,0.45308852195739746,1.9838740825653076
10_1,0.15477514266967773,1.0999536514282227,0.5323421955108643,0.6357765197753906,2.2695581912994385
10_2,0.14343881607055664,1.0472028255462646,0.37433409690856934,0.43766355514526367,1.8597629070281982
10_3,0.25457310676574707,1.2428226470947266,0.36702990531921387,0.41013646125793457,2.020479440689087
10_4,0.20192289352416992,1.1488425731658936,0.44249796867370605,0.4644474983215332,2.0568010807037354
10_5,0.1787877082824707,1.099501132965088,0.4327051639556885,0.41718435287475586,1.9503049850463867
10_6,0.19661974906921387,1.1595327854156494,0.45220375061035156,0.4617166519165039,2.074396848678589
10_7,0.16825008392333984,1.0685510635375977,0.4149353504180908,0.4683036804199219,1.9525971412658691
10_8,0.15810537338256836,1.2293212413787842,0.3842780590057373,0.4042854309082031,2.018444538116455
10_9,0.15031814575195312,1.2806458473205566,0.4475374221801758,0.4789314270019531,2.208448648452759
10_10,0.14230561256408691,1.050415277481079,0.4035964012145996,0.4766805171966553,1.9314417839050293
10_11,0.18639874458312988,1.1616146564483643,0.38953280448913574,0.40107059478759766,1.9527919292449951
10_12,0.18754935264587402,1.16487717628479,0.40497612953186035,0.44262218475341797,2.0139222145080566
10_13,0.20106983184814453,1.151707410812378,0.39844846725463867,0.4436376094818115,1.9942584037780762
10_14,0.19142770767211914,1.3220789432525635,0.4181327819824219,0.4219169616699219,2.162919759750366
10_15,0.20907115936279297,1.0576412677764893,0.4479258060455322,0.6219589710235596,2.1284046173095703
10_16,0.24676847457885742,1.0788545608520508,0.377211332321167,0.39446592330932617,1.8510911464691162
10_17,0.15770721435546875,1.3516778945922852,0.4713015556335449,0.39784669876098633,2.221989154815674
10_18,0.16251039505004883,1.126171588897705,0.3954954147338867,0.5147910118103027,2.037364959716797
10_19,0.15296530723571777,1.1119117736816406,0.43540310859680176,0.46599316596984863,2.014132022857666
10_20,0.15302276611328125,1.1378748416900635,0.40278196334838867,0.47454285621643066,2.0159623622894287
10_21,0.1645679473876953,1.1911156177520752,0.36696529388427734,0.4287679195404053,1.9872870445251465
10_22,0.19054865837097168,1.3085391521453857,0.4217262268066406,0.413128137588501,2.1440467834472656
10_23,0.17894482612609863,1.0739355087280273,0.540961503982544,0.5706076622009277,2.191797971725464
10_24,0.2109236717224121,1.021538496017456,0.3735823631286621,0.4467759132385254,1.8426182270050049
10_25,0.1960148811340332,1.2572953701019287,0.4446077346801758,0.4005415439605713,2.1031670570373535
10_26,0.1557633876800537,1.2403383255004883,0.41266846656799316,0.4509446620941162,2.1047587394714355
10_27,0.16027593612670898,1.1605865955352783,0.40476155281066895,0.4566795825958252,2.0231881141662598
10_28,0.13959789276123047,1.2077109813690186,0.48523974418640137,0.4599025249481201,2.1536858081817627
10_29,0.15282702445983887,1.0876359939575195,0.3740546703338623,0.466355562210083,1.928635835647583
10_30,0.17300653457641602,1.3754794597625732,0.3900744915008545,0.4121992588043213,2.1783082485198975
10_31,0.1431407928466797,1.2627782821655273,0.48114824295043945,0.48130106925964355,2.2265212535858154
10_32,0.14676475524902344,1.1782889366149902,0.5250725746154785,0.5563580989837646,2.2604527473449707
10_33,0.175429105758667,1.1530773639678955,0.43600916862487793,0.5707900524139404,2.1607418060302734
10_34,0.16570425033569336,1.171184778213501,0.40952253341674805,0.601703405380249,2.1832377910614014
10_35,0.21965646743774414,1.277888298034668,0.36724185943603516,0.41930389404296875,2.0650055408477783
10_36,0.3344731330871582,1.2527108192443848,0.38550257682800293,0.4054749011993408,2.0442087650299072
10_37,0.16749024391174316,1.2688915729522705,0.44022107124328613,0.44468164443969727,2.154693365097046
10_38,0.19632625579833984,1.092010736465454,0.412168025970459,0.46735429763793945,1.9727261066436768
10_39,0.17808890342712402,1.217094898223877,0.3935275077819824,0.4767026901245117,2.088082790374756
10_40,0.17975521087646484,1.089869499206543,0.41809988021850586,0.4646129608154297,1.9733753204345703
11_1,0.20541024208068848,1.0511059761047363,0.37135767936706543,0.5490579605102539,1.9725656509399414
11_2,0.19428420066833496,1.3261027336120605,0.4581005573272705,0.4439113140106201,2.2291793823242188
11_3,0.19901752471923828,1.0770130157470703,0.41968607902526855,0.47194647789001465,1.9691154956817627
11_4,0.16434240341186523,1.2177150249481201,0.3983333110809326,0.42403578758239746,2.040755033493042
11_5,0.14211153984069824,1.2742154598236084,0.4640166759490967,0.4730067253112793,2.2126643657684326
11_6,0.14306020736694336,1.043365478515625,0.41105031967163086,0.5059375762939453,1.9611783027648926
11_7,0.19066214561462402,1.2130560874938965,0.38834285736083984,0.42556023597717285,2.027620315551758
11_8,0.1904597282409668,1.145383596420288,0.41156959533691406,0.4552440643310547,2.012840747833252
11_9,0.1928238868713379,1.1637859344482422,0.3893129825592041,0.4208259582519531,1.9750499725341797
11_10,0.18324851989746094,1.297370433807373,0.436936616897583,0.4507019519805908,2.1859772205352783
11_11,0.18866825103759766,1.063960075378418,0.4140205383300781,0.5407009124755859,2.0194151401519775
11_12,0.37793993949890137,1.1189982891082764,0.3843975067138672,0.39945459365844727,1.9033033847808838
11_13,0.16552257537841797,1.4258100986480713,0.42464280128479004,0.38738346099853516,2.239408016204834
11_14,0.15868353843688965,1.1316413879394531,0.424776554107666,0.49208998680114746,2.0494344234466553
11_15,0.14895224571228027,1.0997917652130127,0.46123385429382324,0.450531005859375,2.012467622756958
11_16,0.14393353462219238,1.261688232421875,0.47991466522216797,0.43231987953186035,2.175088405609131
11_17,0.1567702293395996,1.1274375915527344,0.37220335006713867,0.4943275451660156,1.9945430755615234
11_18,0.17705512046813965,1.263249158859253,0.4194939136505127,0.40822863578796387,2.091742753982544
11_19,0.12845873832702637,1.1895298957824707,0.4859933853149414,0.5129423141479492,2.1900229454040527
11_20,0.16070556640625,1.0555713176727295,0.36820387840270996,0.5335187911987305,1.9583103656768799
11_21,0.2361760139465332,1.2373526096343994,0.36536192893981934,0.4094812870025635,2.0126540660858154
11_22,0.16723036766052246,1.2186164855957031,0.4389660358428955,0.49661827087402344,2.155571699142456
11_23,0.21921658515930176,1.108717679977417,0.4197993278503418,0.4369065761566162,1.9660484790802002
11_24,0.1839752197265625,1.232123851776123,0.4271543025970459,0.4510226249694824,2.110945224761963
11_25,0.18846940994262695,1.082207202911377,0.4448864459991455,0.5599162578582764,2.0896332263946533
11_26,0.23578476905822754,1.1188340187072754,0.37562084197998047,0.3912687301635742,1.886188268661499
11_27,0.1810619831085205,1.4308397769927979,0.420055627822876,0.4064044952392578,2.257807731628418
11_28,0.18240714073181152,1.062321424484253,0.5149874687194824,0.6445169448852539,2.223294973373413
11_29,0.15383148193359375,1.136521816253662,0.3943040370941162,0.46637678146362305,1.99798583984375
11_30,0.14641523361206055,1.1893625259399414,0.4350314140319824,0.44353699684143066,2.0687057971954346
11_31,0.1638643741607666,1.1612913608551025,0.38323450088500977,0.46352720260620117,2.008533239364624
11_32,0.15680980682373047,1.2580280303955078,0.39849305152893066,0.4227159023284912,2.079861640930176
11_33,0.14574694633483887,1.1254632472991943,0.46077752113342285,0.6179065704345703,2.205110788345337
11_34,0.1618344783782959,1.074552297592163,0.3799283504486084,0.5178830623626709,1.9733216762542725
11_35,0.39617419242858887,1.310999870300293,0.37361788749694824,0.5067684650421143,2.1919732093811035
11_36,0.1735384464263916,1.297635555267334,0.42510056495666504,0.49208784103393555,2.2154486179351807
11_37,0.16349387168884277,1.1698129177093506,0.3663792610168457,0.406097412109375,1.9427385330200195
11_38,0.2059776782989502,1.353929042816162,0.40969371795654297,0.43479251861572266,2.1989827156066895
11_39,0.17197704315185547,1.0508017539978027,0.6151759624481201,0.4886651039123535,2.156202793121338
11_40,0.20097851753234863,1.0474190711975098,0.3652772903442383,0.42697834968566895,1.8402636051177979
12_1,0.17386794090270996,1.2338826656341553,0.4061415195465088,0.45989561080932617,2.10074782371521
12_2,0.20400595664978027,1.073573350906372,0.4221646785736084,0.48685550689697266,1.9832699298858643
12_3,0.2788426876068115,1.1747710704803467,0.3765847682952881,0.40122509002685547,1.9532217979431152
12_4,0.1448659896850586,1.6408252716064453,0.48284173011779785,0.5145843029022217,2.638862133026123
12_5,0.1827840805053711,1.4702463150024414,0.4337928295135498,0.5001566410064697,2.4046761989593506
12_6,0.198075532913208,1.3816578388214111,0.507183313369751,0.501126766204834,2.3906662464141846
12_7,0.2029411792755127,1.355900526046753,0.4857780933380127,0.5083746910095215,2.350965738296509
12_8,0.21311545372009277,1.2515819072723389,0.5564372539520264,0.5352687835693359,2.345043182373047
12_9,0.19377875328063965,1.245542287826538,0.5232048034667969,0.574974536895752,2.3443610668182373
12_10,0.22260642051696777,1.1911168098449707,0.47835588455200195,0.5839376449584961,2.2546005249023438
12_11,0.2043921947479248,1.2772490978240967,0.44866251945495605,0.5516412258148193,2.278372287750244
12_12,0.21803736686706543,1.3223657608032227,0.4554591178894043,0.47488975524902344,2.2536985874176025
12_13,0.2022397518157959,1.4605364799499512,0.4462623596191406,0.5283980369567871,2.4358248710632324
12_14,0.16333413124084473,1.400360345840454,0.4879622459411621,0.4828488826751709,2.3719558715820312
12_15,0.1894664764404297,1.344250202178955,0.49659037590026855,0.5349619388580322,2.3768770694732666
12_16,0.21158409118652344,1.2568304538726807,0.5758848190307617,0.5148701667785645,2.348667621612549
12_17,0.20146441459655762,1.243565320968628,0.510162353515625,0.6100959777832031,2.3652243614196777
12_18,0.1921532154083252,1.2236626148223877,0.465090274810791,0.5453486442565918,2.235064744949341
12_19,0.2142491340637207,1.2896523475646973,0.4691309928894043,0.5311925411224365,2.2907214164733887
12_20,0.22228646278381348,1.329759120941162,0.47086429595947266,0.49721598625183105,2.2993431091308594
12_21,0.15131449699401855,1.1731390953063965,0.35924267768859863,0.44671082496643066,1.9796783924102783
12_22,0.13176321983337402,1.0951733589172363,0.441392183303833,0.5319089889526367,2.069226026535034
12_23,0.15702247619628906,1.1699674129486084,0.3759441375732422,0.5104508399963379,2.0575621128082275
12_24,0.16199946403503418,1.115957260131836,0.4234461784362793,0.5139439105987549,2.054015874862671
12_25,0.13913869857788086,1.170123815536499,0.37000203132629395,0.40691590309143066,1.9477074146270752
12_26,0.19142770767211914,1.3470416069030762,0.3885221481323242,0.44483208656311035,2.1813511848449707
12_27,0.18584561347961426,1.1076710224151611,0.661527156829834,0.5428268909454346,2.3171169757843018
12_28,0.16107845306396484,1.0682694911956787,0.366563081741333,0.513258695602417,1.9485435485839844
12_29,0.2972433567047119,1.236788272857666,0.3793296813964844,0.406308650970459,2.023010492324829
12_30,0.18051838874816895,1.2307524681091309,0.4379415512084961,0.4471573829650879,2.1166677474975586
12_31,0.19744014739990234,1.1048953533172607,0.41228532791137695,0.4338841438293457,1.9518649578094482
12_32,0.17903351783752441,1.1673307418823242,0.47168755531311035,0.44655346870422363,2.0864462852478027
12_33,0.1460278034210205,1.08829665184021,0.37772703170776367,0.4730031490325928,1.9395997524261475
12_34,0.16262149810791016,1.4286632537841797,0.39406275749206543,0.417041540145874,2.2403769493103027
12_35,0.12772154808044434,1.2752423286437988,0.49692797660827637,0.466571569442749,2.245476245880127
12_36,0.12650561332702637,1.0786402225494385,0.43184375762939453,0.5270967483520508,2.0383574962615967
12_37,0.2261972427368164,1.1314966678619385,0.436659574508667,0.6140074729919434,2.182802438735962
12_38,0.2512855529785156,1.222289800643921,0.4561474323272705,0.4720325469970703,2.151638984680176
12_39,0.1560983657836914,1.0979161262512207,0.3771491050720215,0.46950650215148926,1.9451360702514648
12_40,0.15336990356445312,1.3382713794708252,0.3893547058105469,0.4223031997680664,2.1508283615112305
13_1,0.12826871871948242,1.0662658214569092,0.44477105140686035,0.4950859546661377,2.0068440437316895
13_2,0.15267324447631836,1.1868512630462646,0.3584561347961426,0.47421789169311523,2.0200917720794678
13_3,0.16367220878601074,1.1626019477844238,0.41852903366088867,0.517775297164917,2.0997817516326904
13_4,0.1400439739227295,1.1801786422729492,0.3784327507019043,0.41114139556884766,1.9705281257629395
13_5,0.18390893936157227,1.2639904022216797,0.405348539352417,0.4423251152038574,2.112772226333618
13_6,0.18346881866455078,1.0961573123931885,0.47693943977355957,0.6581990718841553,2.237464427947998
13_7,0.14984655380249023,1.1009223461151123,0.3714170455932617,0.4104020595550537,1.8831727504730225
13_8,0.27498674392700195,1.3199043273925781,0.3946645259857178,0.40555357933044434,2.120751142501831
13_9,0.184006929397583,1.1898951530456543,0.4434974193572998,0.44345927238464355,2.0779879093170166
13_10,0.162095308303833,1.1736314296722412,0.40737009048461914,0.45003223419189453,2.0320706367492676
13_11,0.16176271438598633,1.1897227764129639,0.4768202304840088,0.4611971378326416,2.129356622695923
13_12,0.1716017723083496,1.1008200645446777,0.40123414993286133,0.455554723739624,1.9581420421600342
13_13,0.16484475135803223,1.3415305614471436,0.3881106376647949,0.41279125213623047,2.143603801727295
13_14,0.1343228816986084,1.513817548751831,0.4622344970703125,0.41219353675842285,2.38930082321167
13_15,0.2009589672088623,1.0567500591278076,0.5612912178039551,0.5166635513305664,2.135563850402832
13_16,0.17108416557312012,1.1169495582580566,0.3926656246185303,0.46233177185058594,1.9727318286895752
13_17,0.1465132236480713,1.2618780136108398,0.45357298851013184,0.4273717403411865,2.143763303756714
13_18,0.14069294929504395,1.1762540340423584,0.4108576774597168,0.4688429832458496,2.0565946102142334
13_19,0.1533031463623047,1.2440669536590576,0.4138810634613037,0.4315464496612549,2.0904014110565186
13_20,0.15251946449279785,1.150681734085083,0.45501017570495605,0.6498692035675049,2.256417751312256
13_21,0.1635899543762207,1.0766563415527344,0.390169620513916,0.49689292907714844,1.9643073081970215
13_22,0.17548537254333496,1.3003835678100586,0.3763399124145508,0.41790318489074707,2.0951967239379883
13_23,0.155869722366333,1.3010179996490479,0.49807024002075195,0.48055243492126465,2.2809534072875977
13_24,0.16344285011291504,1.0556707382202148,0.4390733242034912,0.5464572906494141,2.0440852642059326
13_25,0.1844196319580078,1.2078917026519775,0.3715088367462158,0.447603702545166,2.027844190597534
13_26,0.24624872207641602,1.128600835800171,0.437485933303833,0.5114340782165527,2.078399419784546
13_27,0.14884471893310547,1.1833655834197998,0.38686037063598633,0.41344356536865234,1.9843320846557617
13_28,0.18195557594299316,1.2851080894470215,0.4010612964630127,0.45997071266174316,2.1472082138061523
13_29,0.15279269218444824,1.0943093299865723,0.5559122562408447,0.5768375396728516,2.2281992435455322
13_30,0.1493697166442871,1.0988621711730957,0.3696751594543457,0.41184520721435547,1.8808245658874512
13_31,0.3198862075805664,1.2828221321105957,0.380739688873291,0.44181370735168457,2.1060614585876465
13_32,0.19304609298706055,1.1372647285461426,0.43153882026672363,0.44376206398010254,2.013826370239258
13_33,0.1910390853881836,1.1931626796722412,0.3992457389831543,0.4119083881378174,2.0049617290496826
13_34,0.18645405769348145,1.3898980617523193,0.44505858421325684,0.4358553886413574,2.27129864692688
13_35,0.1671733856201172,1.0689640045166016,0.43286705017089844,0.5497114658355713,2.0522353649139404
13_36,0.3302335739135742,1.0942175388336182,0.3847479820251465,0.4077930450439453,1.8873112201690674
13_37,0.20004582405090332,1.439150094985962,0.4000844955444336,0.3993561267852783,2.239992141723633
13_38,0.1672990322113037,1.1564068794250488,0.46280622482299805,0.4463613033294678,2.0672450065612793
13_39,0.1605973243713379,1.13008451461792,0.42945003509521484,0.4891378879547119,2.0500805377960205
13_40,0.13194680213928223,1.1295101642608643,0.4852108955383301,0.4226977825164795,2.0381667613983154
14_1,0.14528822898864746,1.0932364463806152,0.4216625690460205,0.4668302536010742,1.982694387435913
14_2,0.17048358917236328,1.1760001182556152,0.3783113956451416,0.45981907844543457,2.0154714584350586
14_3,0.18672609329223633,1.1372613906860352,0.4199075698852539,0.4876370429992676,2.045567512512207
14_4,0.178635835647583,1.145413875579834,0.3976132869720459,0.40488147735595703,1.948523998260498
14_5,0.17974328994750977,1.4486491680145264,0.42724061012268066,0.42992162704467773,2.3066341876983643
14_6,0.18751955032348633,1.035571575164795,0.733107328414917,0.5458948612213135,2.3155055046081543
14_7,0.1908738613128662,1.0800399780273438,0.36913371086120605,0.44036221504211426,1.8904619216918945
14_8,0.20099592208862305,1.3386094570159912,0.3814730644226074,0.4080696105957031,2.129148006439209
14_9,0.1922750473022461,1.161133050918579,0.4862864017486572,0.4431781768798828,2.0912883281707764
14_10,0.16282296180725098,1.2668061256408691,0.3958306312561035,0.40919017791748047,2.0728530883789062
14_11,0.18907928466796875,1.2110936641693115,0.6103692054748535,0.454509973526001,2.2768986225128174
14_12,0.1741039752960205,1.1215529441833496,0.44290637969970703,0.4478135108947754,2.012856960296631
14_13,0.15374112129211426,1.0909810066223145,0.3715693950653076,0.4010326862335205,1.8640327453613281
14_14,0.1297163963317871,1.1451871395111084,0.45472264289855957,0.4148879051208496,2.015876293182373
14_15,0.13852691650390625,1.0506720542907715,0.3807218074798584,0.45781373977661133,1.8898677825927734
14_16,0.1636965274810791,1.1552751064300537,0.3611738681793213,0.4246501922607422,1.9415864944458008
14_17,0.14643430709838867,1.092233419418335,0.41657400131225586,0.49228930473327637,2.00211238861084
14_18,0.14535212516784668,1.0450119972229004,0.3711225986480713,0.4022219181060791,1.8187925815582275
14_19,0.18518757820129395,1.1714210510253906,0.37359166145324707,0.4047272205352783,1.9502151012420654
14_20,0.1868903636932373,1.0512266159057617,0.4619154930114746,0.45580196380615234,1.9710614681243896
14_21,0.1680912971496582,1.0376605987548828,0.3737752437591553,0.3962666988372803,1.8081488609313965
14_22,0.15417265892028809,1.1444439888000488,0.451099157333374,0.3927931785583496,1.9888181686401367
14_23,0.14192891120910645,1.0390067100524902,0.37648582458496094,0.4828646183013916,1.8988146781921387
14_24,0.16248154640197754,1.1287217140197754,0.37674880027770996,0.4051513671875,1.9110608100891113
14_25,0.13671278953552246,1.10300612449646,0.40798187255859375,0.48861122131347656,2.0003163814544678
14_26,0.13515448570251465,1.0442774295806885,0.3748955726623535,0.40535402297973633,1.824960470199585
14_27,0.18876004219055176,1.1753389835357666,0.3694765567779541,0.4021921157836914,1.9474563598632812
14_28,0.17848610877990723,1.0381875038146973,0.42740750312805176,0.44655776023864746,1.9127976894378662
14_29,0.16007590293884277,1.09810209274292,0.37305402755737305,0.3990814685821533,1.870685338973999
14_30,0.13653802871704102,1.157891035079956,0.45149755477905273,0.42515993118286133,2.0354418754577637
14_31,0.12864375114440918,1.055363416671753,0.37944555282592773,0.4612388610839844,1.8965206146240234
14_32,0.14136767387390137,1.1278023719787598,0.3786637783050537,0.41214513778686523,1.9192914962768555
14_33,0.13282465934753418,1.082700252532959,0.41530513763427734,0.48694467544555664,1.9857256412506104
14_34,0.15920066833496094,1.0305824279785156,0.37062549591064453,0.4058535099029541,1.8077328205108643
14_35,0.19693565368652344,1.2141087055206299,0.37803149223327637,0.41083288192749023,2.003952741622925
14_36,0.17225050926208496,1.0452492237091064,0.4239766597747803,0.4327225685119629,1.9024717807769775
14_37,0.14488530158996582,1.0842843055725098,0.37820982933044434,0.41392016410827637,1.8768649101257324
14_38,0.12508940696716309,1.1397299766540527,0.4671213626861572,0.39878082275390625,2.0063276290893555
14_39,0.12892484664916992,1.0476293563842773,0.3608977794647217,0.4530189037322998,1.8624963760375977
14_40,0.1378333568572998,1.1469347476959229,0.36962056159973145,0.40129613876342773,1.918342113494873
