step,train_time,quantize_time,encrypt_time,aggregate_time,decrypt_time,dequantize_time,elasp_time,elapsed time
0_1,0.270338773727417,11.6348237991333,47.390806436538696,0.006960153579711914,4.56065821647644,0.8152503967285156,64.42609477043152
0_2,0.2501029968261719,11.535313367843628,47.404940605163574,0.007106781005859375,4.572112560272217,0.7881884574890137,64.32505655288696
0_3,0.2414703369140625,11.4623384475708,47.220627307891846,0.0067827701568603516,4.5979108810424805,0.7819123268127441,64.08762645721436
0_4,0.2585134506225586,11.491593837738037,47.14141511917114,0.007030963897705078,4.4566490650177,0.780005693435669,63.891727924346924
0_5,0.24739933013916016,11.503342151641846,47.432729721069336,0.006377696990966797,4.508516550064087,0.7917139530181885,64.26346063613892
0_6,0.2529487609863281,11.534955978393555,47.37588357925415,0.007039546966552734,4.461767673492432,0.7829434871673584,64.19079780578613
0_7,0.258892297744751,11.439383029937744,47.199357748031616,0.007161617279052734,4.622997522354126,0.7697741985321045,64.05694437026978
0_8,0.23834967613220215,11.442103624343872,47.42967128753662,0.0067958831787109375,4.5309271812438965,0.7721912860870361,64.20148634910583
0_9,0.23590660095214844,11.516416788101196,47.23177671432495,0.007241010665893555,4.529729604721069,0.7925691604614258,64.09480309486389
0_10,0.2439713478088379,11.444287061691284,47.19377827644348,0.006943702697753906,4.550334453582764,0.7706136703491211,63.98433542251587
0_11,0.24021410942077637,11.473934173583984,47.30286407470703,0.007433414459228516,4.459632873535156,0.7800986766815186,64.04036617279053
0_12,0.25677919387817383,11.513904571533203,46.554768562316895,0.006832599639892578,4.608161211013794,0.7660787105560303,63.46634101867676
0_13,0.27144360542297363,11.496254682540894,46.64509558677673,0.007553815841674805,4.50547981262207,0.7708513736724854,63.44373559951782
0_14,0.2646365165710449,11.492742776870728,46.64965462684631,0.0073261260986328125,4.517163515090942,0.7674314975738525,63.45082139968872
0_15,0.24169301986694336,11.459333181381226,46.58385705947876,0.006655454635620117,4.466785430908203,0.7688415050506592,63.30212450027466
0_16,0.23589205741882324,11.487380027770996,46.842634439468384,0.007048368453979492,4.554631471633911,0.7617509365081787,63.670597076416016
0_17,0.23646068572998047,11.432295560836792,46.67318367958069,0.006737947463989258,4.522916793823242,0.7607555389404297,63.41398215293884
0_18,0.2342698574066162,11.449026346206665,46.850892305374146,0.007384061813354492,4.486740350723267,0.7621650695800781,63.57373380661011
0_19,0.2353525161743164,11.458680868148804,47.00313186645508,0.008791923522949219,4.5471718311309814,0.7688205242156982,63.80302429199219
0_20,0.23048782348632812,11.398462057113647,46.83896565437317,0.006802558898925781,4.512575626373291,0.7706208229064941,63.54320669174194
0_21,0.25480055809020996,11.408821105957031,47.03256130218506,0.007041454315185547,4.556772232055664,0.7590608596801758,63.780595541000366
0_22,0.23433423042297363,11.437073707580566,46.75535774230957,0.006925821304321289,4.555429935455322,0.77028489112854,63.54347467422485
0_23,0.23699736595153809,11.483712434768677,46.888007402420044,0.006810188293457031,4.541546821594238,0.7578268051147461,63.69438409805298
0_24,0.23719167709350586,11.399517059326172,47.130943059921265,0.00667572021484375,4.56833291053772,0.7627334594726562,63.88697004318237
0_25,0.24047398567199707,11.415251731872559,46.96097731590271,0.006662845611572266,4.574083089828491,0.7670097351074219,63.7432165145874
0_26,0.23636865615844727,11.363952398300171,46.90935397148132,0.007112741470336914,4.547403573989868,0.7701659202575684,63.61413812637329
0_27,0.23213696479797363,11.390386581420898,47.117308378219604,0.007161140441894531,4.523350954055786,0.7628216743469238,63.817405700683594
0_28,0.23594880104064941,11.483474016189575,46.72709631919861,0.007219552993774414,4.52631950378418,0.7612967491149902,63.523937463760376
0_29,0.23739075660705566,11.483360290527344,46.96047377586365,0.0059814453125,4.537339448928833,0.7657749652862549,63.768526554107666
0_30,0.23542022705078125,11.52840256690979,46.96344566345215,0.00613856315612793,4.569793462753296,0.7620441913604736,63.84848213195801
0_31,0.2314305305480957,11.492084980010986,46.882689476013184,0.008191347122192383,4.531697511672974,0.7653048038482666,63.69667983055115
0_32,0.23596906661987305,11.484280824661255,46.987809896469116,0.0071299076080322266,4.446423530578613,0.7757172584533691,63.71967148780823
0_33,0.23990726470947266,11.490051507949829,46.863813161849976,0.007323265075683594,4.548783779144287,0.7700576782226562,63.696357011795044
0_34,0.24264121055603027,11.41312289237976,47.15118098258972,0.015404701232910156,4.467624664306641,0.7712557315826416,63.84630608558655
0_35,0.2592792510986328,11.458057641983032,47.20842957496643,0.006966352462768555,4.598057508468628,0.7630043029785156,64.05098414421082
0_36,0.23925304412841797,11.42885708808899,46.973010540008545,0.0066738128662109375,4.5524046421051025,0.7735559940338135,63.75348782539368
0_37,0.23707938194274902,11.413142919540405,47.143041372299194,0.006357669830322266,4.541873455047607,0.7677628993988037,63.90320158004761
0_38,0.2347402572631836,11.407970190048218,46.936363697052,0.007311105728149414,4.612856388092041,0.7660610675811768,63.74809527397156
0_39,0.23640990257263184,11.401837587356567,46.96849012374878,0.006884574890136719,4.614579200744629,0.7606759071350098,63.77025294303894
0_40,0.23523950576782227,11.42952036857605,46.85230278968811,0.008131742477416992,4.577228784561157,0.760279655456543,63.64515495300293
0_41,0.23871469497680664,11.362866401672363,46.96422529220581,0.006777524948120117,4.555301189422607,0.774216890335083,63.6813702583313
0_42,0.23669815063476562,11.377054452896118,46.991779088974,0.006491184234619141,4.584213018417358,0.7671668529510498,63.743725299835205
0_43,0.2342510223388672,11.37312388420105,47.09514307975769,0.006893634796142578,4.521207571029663,0.765007495880127,63.777950048446655
0_44,0.2298264503479004,11.357184410095215,47.102903842926025,0.007199764251708984,4.58473539352417,0.7633497714996338,63.831395626068115
0_45,0.24064016342163086,11.300248146057129,47.07739591598511,0.006739377975463867,4.55223274230957,0.7668309211730957,63.71979641914368
0_46,0.23590373992919922,11.359156131744385,47.09703063964844,0.006880521774291992,4.515747785568237,0.7672715187072754,63.76288604736328
0_47,0.2335062026977539,11.258909463882446,47.18703055381775,0.006621360778808594,4.536924839019775,0.7656855583190918,63.77284836769104
0_48,0.22713661193847656,11.322465419769287,46.77453875541687,0.00729060173034668,4.545306205749512,0.7698109149932861,63.43993854522705
0_49,0.23528289794921875,11.29546046257019,46.69696545600891,0.006485462188720703,4.547032356262207,0.7681694030761719,63.33223342895508
0_50,0.2321939468383789,11.321715593338013,47.0756459236145,0.006951093673706055,4.549021482467651,0.7651636600494385,63.73784899711609
0_51,0.23673105239868164,11.287273168563843,47.014726638793945,0.006812572479248047,4.513342380523682,0.7672293186187744,63.607550859451294
0_52,0.2338242530822754,11.31626582145691,46.91146278381348,0.005944490432739258,4.595146656036377,0.7705066204071045,63.6193425655365
0_53,0.23517298698425293,11.277689933776855,46.98636078834534,0.007134199142456055,4.578850984573364,0.7695398330688477,63.637909173965454
0_54,0.23543167114257812,11.280809164047241,47.04628086090088,0.00664210319519043,4.487586736679077,0.769312858581543,63.607672929763794
0_55,0.2368452548980713,11.275022506713867,47.037065267562866,0.0071926116943359375,4.580996513366699,0.7698183059692383,63.68765616416931
0_56,0.2398815155029297,11.21529483795166,46.904256105422974,0.006841421127319336,4.549217939376831,0.7698116302490234,63.463701248168945
0_57,0.24623847007751465,11.245177268981934,47.06979179382324,0.0066721439361572266,4.446174383163452,0.7637386322021484,63.55088543891907
0_58,0.23949646949768066,11.242112636566162,47.19589042663574,0.006133317947387695,4.610300779342651,0.7673964500427246,63.841787815093994
0_59,0.234602689743042,11.22890853881836,47.01077485084534,0.006996870040893555,4.624799728393555,0.7667975425720215,63.65404176712036
0_60,0.23703598976135254,11.202375888824463,47.24417972564697,0.007023334503173828,4.4433958530426025,0.7692184448242188,63.6794548034668
0_61,0.23431634902954102,11.207294464111328,47.386199712753296,0.007097482681274414,4.470651388168335,0.7706601619720459,63.85783839225769
0_62,0.23516607284545898,11.184831619262695,46.979166984558105,0.005532026290893555,4.576501369476318,0.7688159942626953,63.534180879592896
0_63,0.23412156105041504,11.180710077285767,47.00022912025452,0.006977558135986328,4.522857666015625,0.768972635269165,63.498292446136475
0_64,0.234727144241333,11.203060388565063,47.1709086894989,0.006790637969970703,4.596963882446289,0.7724857330322266,63.767698764801025
0_65,0.23490047454833984,11.169657468795776,46.95144772529602,0.0067560672760009766,4.60370945930481,0.7686755657196045,63.51815915107727
0_66,0.23604583740234375,11.197999238967896,47.13146710395813,0.00680232048034668,4.557575225830078,0.7677047252655029,63.67994666099548
0_67,0.23817062377929688,11.14986538887024,47.29193925857544,0.00628662109375,4.478392124176025,0.7738232612609863,63.71869707107544
0_68,0.23786163330078125,11.21693730354309,47.05904936790466,0.006779909133911133,4.452653408050537,0.7700784206390381,63.52261304855347
0_69,0.23413777351379395,11.153728485107422,46.892783880233765,0.006910562515258789,4.503508567810059,0.7668521404266357,63.342777729034424
0_70,0.23573660850524902,11.203592300415039,46.881402254104614,0.007128000259399414,4.565868854522705,0.7785193920135498,63.45258378982544
0_71,0.23184823989868164,11.134134292602539,46.98355484008789,0.006822824478149414,4.457526922225952,0.7661418914794922,63.36502480506897
0_72,0.2351067066192627,11.146144390106201,47.10812544822693,0.006369590759277344,4.57250452041626,0.7890477180480957,63.64121341705322
0_73,0.2411026954650879,11.1376633644104,47.09467625617981,0.006335735321044922,4.528550624847412,0.7641706466674805,63.54718375205994
0_74,0.24333953857421875,11.112644672393799,46.962239027023315,0.006944894790649414,4.596376895904541,0.773944616317749,63.4687705039978
0_75,0.23398160934448242,11.173197746276855,46.90935254096985,0.007038116455078125,4.468857765197754,0.770754337310791,63.345558881759644
0_76,0.23678064346313477,11.160378694534302,47.06937527656555,0.006476163864135742,4.4794862270355225,0.7674181461334229,63.500426292419434
0_77,0.2349257469177246,11.11904501914978,46.82131361961365,0.007471799850463867,4.5233314037323,0.7761979103088379,63.26363968849182
0_78,0.23584222793579102,11.143389463424683,47.31094789505005,0.0070629119873046875,4.468566656112671,0.773944616317749,63.720130443573
0_79,0.23414230346679688,11.068732976913452,47.13442254066467,0.007309675216674805,4.489017963409424,0.7851643562316895,63.514320850372314
0_80,0.24010610580444336,11.112756490707397,47.376309871673584,0.007044076919555664,4.557988882064819,0.7733018398284912,63.84649658203125
0_81,0.2304670810699463,11.068823099136353,47.15331792831421,0.006928443908691406,4.607844591140747,0.7904598712921143,63.65365433692932
0_82,0.24644064903259277,11.047581672668457,47.22339725494385,0.0067958831787109375,4.593956232070923,0.7713673114776611,63.66219162940979
0_83,0.23803281784057617,11.061450481414795,46.933138370513916,0.006905555725097656,4.49057674407959,0.7782659530639648,63.2888617515564
0_84,0.2284228801727295,11.092631816864014,47.444310903549194,0.00698542594909668,4.431461572647095,0.7778177261352539,63.771912813186646
0_85,0.2404942512512207,11.04635763168335,47.22602415084839,0.006316661834716797,4.498265981674194,0.7746231555938721,63.57032561302185
0_86,0.24270009994506836,11.045645952224731,47.1092312335968,0.007388591766357422,4.6069395542144775,0.7715392112731934,63.558754444122314
0_87,0.23649120330810547,11.086968898773193,47.3179087638855,0.007036685943603516,4.553035259246826,0.7766151428222656,63.760008573532104
0_88,0.22993254661560059,11.000406265258789,47.452619552612305,0.006910562515258789,4.507701396942139,0.7718405723571777,63.75636863708496
0_89,0.24031591415405273,11.051185846328735,47.338040351867676,0.006644248962402344,4.484184980392456,0.7688822746276855,63.66546583175659
0_90,0.2324352264404297,11.000255107879639,47.15032958984375,0.0067594051361083984,4.456310033798218,0.7775375843048096,63.40778875350952
0_91,0.23533868789672852,10.982519388198853,47.44503974914551,0.007208824157714844,4.626793146133423,0.7736814022064209,63.85366177558899
0_92,0.23147130012512207,10.972643375396729,47.456268310546875,0.008834362030029297,4.557367324829102,0.7751660346984863,63.788573026657104
0_93,0.23618578910827637,10.967291355133057,47.50961661338806,0.0067212581634521484,4.596392869949341,0.776151180267334,63.87290287017822
0_94,0.22995924949645996,11.038699388504028,47.41558003425598,0.006738185882568359,4.426795482635498,0.7737135887145996,63.681480884552
0_95,0.23286962509155273,11.02265191078186,47.241843938827515,0.007241964340209961,4.510833740234375,0.7703320980072021,63.579381465911865
0_96,0.2376863956451416,11.044258832931519,47.162434101104736,0.006912708282470703,4.5527567863464355,0.772465705871582,63.55892467498779
0_97,0.23366785049438477,10.985167264938354,47.39118933677673,0.0068356990814208984,4.555678606033325,0.7943785190582275,63.749372482299805
0_98,0.2391049861907959,10.951603412628174,47.61947703361511,0.008034944534301758,4.583205699920654,0.7790532112121582,63.960176944732666
0_99,0.24505186080932617,10.9512197971344,47.36669063568115,0.0069506168365478516,4.501744031906128,0.7738242149353027,63.61654353141785
0_100,0.2346944808959961,10.939719915390015,47.69295406341553,0.007050275802612305,4.57705020904541,0.775787353515625,64.00910925865173
0_101,0.23641562461853027,10.946532726287842,47.402092695236206,0.006228446960449219,4.52372407913208,0.7791452407836914,63.67692804336548
0_102,0.24073266983032227,10.949775695800781,47.37005352973938,0.006186246871948242,4.668851613998413,0.7780318260192871,63.79111695289612
0_103,0.2335338592529297,10.903818130493164,47.61807680130005,0.00682830810546875,4.53910493850708,0.7909595966339111,63.876333713531494
0_104,0.23729205131530762,10.877591609954834,47.54476046562195,0.00703883171081543,4.6379125118255615,0.7821142673492432,63.86734747886658
0_105,0.2332015037536621,10.906900405883789,47.53317975997925,0.006971836090087891,4.580656290054321,0.7974143028259277,63.842745304107666
0_106,0.227982759475708,10.913360357284546,47.833454847335815,0.006930828094482422,4.524204969406128,0.7776587009429932,64.0721526145935
0_107,0.23629975318908691,10.909146070480347,47.54713773727417,0.007217884063720703,4.5997231006622314,0.775526762008667,63.854565143585205
0_108,0.2429981231689453,10.914397239685059,47.4737069606781,0.0069048404693603516,4.571897029876709,0.7766633033752441,63.759995460510254
0_109,0.23746824264526367,10.882213354110718,47.472933769226074,0.008149147033691406,4.565966606140137,0.7822716236114502,63.728036403656006
0_110,0.23284912109375,10.873212099075317,47.46152901649475,0.008822917938232422,4.5472893714904785,0.7806434631347656,63.699992179870605
0_111,0.23269152641296387,10.885677099227905,47.63822960853577,0.008981704711914062,4.592893600463867,0.7729268074035645,63.918599128723145
0_112,0.23533129692077637,10.869370222091675,47.47593879699707,0.006398677825927734,4.558568716049194,0.7787199020385742,63.711087703704834
0_113,0.23194241523742676,10.836384057998657,47.575047969818115,0.006890058517456055,4.529291391372681,0.7735161781311035,63.737518072128296
0_114,0.2386014461517334,10.822689771652222,47.45010304450989,0.006684064865112305,4.543639421463013,0.7724957466125488,63.61455059051514
0_115,0.2395327091217041,10.840953826904297,47.7682089805603,0.006887912750244141,4.534904718399048,0.7847511768341064,63.95441126823425
0_116,0.23501038551330566,10.820515394210815,47.44233298301697,0.0062656402587890625,4.5550782680511475,0.7873070240020752,63.63165879249573
0_117,0.24101042747497559,10.85692834854126,47.66528296470642,0.0068128108978271484,4.573344469070435,0.7940847873687744,63.91355037689209
0_118,0.2315049171447754,10.876299619674683,47.623942136764526,0.0069959163665771484,4.596508979797363,0.7881200313568115,63.90827488899231
0_119,0.22954082489013672,10.854772567749023,47.67683243751526,0.006735563278198242,4.6065919399261475,0.7780234813690186,63.94105315208435
0_120,0.23723649978637695,10.868957281112671,47.47954297065735,0.007925033569335938,4.609499931335449,0.7924530506134033,63.777140617370605
0_121,0.23403358459472656,10.868319511413574,47.619060754776,0.00709843635559082,4.579181671142578,0.7916207313537598,63.8940532207489
0_122,0.23457860946655273,10.863585472106934,47.54256010055542,0.006916046142578125,4.6499574184417725,0.7778775691986084,63.85981869697571
0_123,0.24125099182128906,10.806880950927734,47.64620542526245,0.006873369216918945,4.622333526611328,0.7920868396759033,63.89264678955078
0_124,0.23198556900024414,10.797213315963745,47.57502579689026,0.006715536117553711,4.525546312332153,0.7790448665618896,63.70230746269226
0_125,0.23508739471435547,10.831861734390259,47.60549831390381,0.007316112518310547,4.534377336502075,0.7798964977264404,63.77691078186035
0_126,0.22933602333068848,10.815009355545044,47.64324331283569,0.006825447082519531,4.586620330810547,0.7961125373840332,63.87655830383301
0_127,0.23841404914855957,10.813742876052856,47.613943338394165,0.007279157638549805,4.700289964675903,0.7914755344390869,63.94707703590393
0_128,0.23136186599731445,10.852131843566895,47.64787769317627,0.006801128387451172,4.651496887207031,0.7832341194152832,63.96014189720154
0_129,0.23238229751586914,10.817294359207153,47.55828881263733,0.006903409957885742,4.537861585617065,0.7857248783111572,63.72431135177612
0_130,0.23041033744812012,10.84734058380127,47.757129192352295,0.006677389144897461,4.568371772766113,0.781440258026123,63.97921276092529
0_131,0.23859667778015137,10.820503234863281,47.49621939659119,0.006173610687255859,4.624080181121826,0.7805619239807129,63.745460987091064
0_132,0.23444485664367676,10.839617013931274,47.652095079422,0.007057905197143555,4.585078716278076,0.777003288269043,63.87926173210144
0_133,0.2360706329345703,10.821429014205933,47.4216034412384,0.006916522979736328,4.532389163970947,0.7970058917999268,63.608213663101196
0_134,0.243880033493042,10.805128335952759,47.72045040130615,0.006888866424560547,4.5295798778533936,0.7835390567779541,63.866071462631226
0_135,0.23746705055236816,10.838958024978638,47.59880590438843,0.007292270660400391,4.580662488937378,0.7816157341003418,63.82547330856323
0_136,0.23124933242797852,10.770838499069214,47.47250556945801,0.006797313690185547,4.6405603885650635,0.7795348167419434,63.688788175582886
0_137,0.2349863052368164,10.754346132278442,47.67827320098877,0.00665593147277832,4.5903167724609375,0.8008842468261719,63.860005140304565
0_138,0.2348649501800537,10.807782411575317,47.779030323028564,0.0066411495208740234,4.635941028594971,0.7858514785766602,64.03574252128601
0_139,0.23283743858337402,10.786494255065918,47.69778299331665,0.00703740119934082,4.676933526992798,0.7799851894378662,63.96409749984741
0_140,0.23692631721496582,10.778564214706421,47.67514991760254,0.00702214241027832,4.676116943359375,0.77976393699646,63.934712409973145
0_141,0.23435521125793457,10.737793445587158,47.79521131515503,0.006783485412597656,4.658577919006348,0.782261848449707,63.997432470321655
0_142,0.23816323280334473,10.776223421096802,47.56780529022217,0.007008075714111328,4.69226861000061,0.7923135757446289,63.85408973693848
0_143,0.2378535270690918,10.764069557189941,47.79471230506897,0.0069348812103271484,4.574347257614136,0.8053076267242432,63.96386981010437
0_144,0.235764741897583,10.738550662994385,47.88079833984375,0.0067751407623291016,4.7162024974823,0.7877960205078125,64.14782285690308
0_145,0.23443865776062012,10.777180910110474,47.74581742286682,0.007043600082397461,4.608866214752197,0.8011164665222168,63.958723068237305
0_146,0.23207831382751465,10.703891038894653,47.72618627548218,0.006968259811401367,4.589649200439453,0.7811951637268066,63.824514865875244
0_147,0.2501206398010254,10.76648235321045,47.8114550113678,0.006571769714355469,4.644805669784546,0.7935357093811035,64.03930282592773
0_148,0.22938871383666992,10.740666151046753,47.774574995040894,0.0073430538177490234,4.537173748016357,0.7826704978942871,63.860700607299805
0_149,0.2368912696838379,10.730510473251343,47.740809202194214,0.006820201873779297,4.603921413421631,0.8034474849700928,63.90034508705139
0_150,0.23502492904663086,10.722155570983887,47.659836292266846,0.006887674331665039,4.593304395675659,0.7822864055633545,63.78266167640686
0_151,0.2308521270751953,10.73277759552002,47.44728970527649,0.0070269107818603516,4.622727870941162,0.7822539806365967,63.61020350456238
0_152,0.23394775390625,10.698365688323975,47.9402596950531,0.005379676818847656,4.591243505477905,0.7934956550598145,64.0482120513916
0_153,0.23085379600524902,10.73391056060791,48.07391333580017,0.0067861080169677734,4.680696487426758,0.7808828353881836,64.29445099830627
0_154,0.24091219902038574,10.70491647720337,47.82998728752136,0.00687861442565918,4.540494918823242,0.7989726066589355,63.89923810958862
0_155,0.23388266563415527,10.694139242172241,47.99344325065613,0.006813526153564453,4.504023551940918,0.7860832214355469,64.0029468536377
0_156,0.23479247093200684,10.710663557052612,47.99236536026001,0.0070667266845703125,4.548383951187134,0.7848227024078369,64.06200957298279
0_157,0.2332448959350586,10.711853981018066,47.88246512413025,0.007426261901855469,4.569154262542725,0.7827837467193604,63.96992254257202
0_158,0.23082804679870605,10.717784881591797,48.136252641677856,0.00693058967590332,4.5839314460754395,0.7901918888092041,64.25080704689026
0_159,0.2433791160583496,10.709030389785767,48.129579067230225,0.00695037841796875,4.644230842590332,0.7931249141693115,64.30118536949158
0_160,0.23340320587158203,10.641155242919922,48.08630633354187,0.006723642349243164,4.611284017562866,0.8016693592071533,64.164235830307
0_161,0.22938084602355957,10.69191026687622,47.750765562057495,0.006114959716796875,4.532301425933838,0.783843994140625,63.787379026412964
0_162,0.23875665664672852,10.640718936920166,47.72353148460388,0.009667396545410156,4.684674024581909,0.8088488578796387,63.89444708824158
0_163,0.23549604415893555,10.687748670578003,47.88693141937256,0.006777763366699219,4.620367050170898,0.8017094135284424,64.02044343948364
0_164,0.23303532600402832,10.666115760803223,47.66588354110718,0.006973981857299805,4.653300762176514,0.7965788841247559,63.80771851539612
0_165,0.237274169921875,10.668954849243164,47.85651779174805,0.006158590316772461,4.577889680862427,0.7845628261566162,63.91560649871826
0_166,0.23427987098693848,10.607736825942993,48.00257325172424,0.006993770599365234,4.598706007003784,0.7865355014801025,64.01940870285034
0_167,0.23276901245117188,10.64902138710022,48.138819456100464,0.007402181625366211,4.635679006576538,0.7858319282531738,64.23732256889343
0_168,0.23750066757202148,10.62944769859314,48.07900047302246,0.006945610046386719,4.696719408035278,0.7999923229217529,64.23058414459229
0_169,0.2347409725189209,10.681921243667603,48.13168382644653,0.006717681884765625,4.715494155883789,0.7827699184417725,64.33771562576294
0_170,0.22870469093322754,10.635668992996216,47.72800087928772,0.006127357482910156,4.641930103302002,0.8084032535552979,63.84091138839722
0_171,0.23436522483825684,10.66436243057251,48.10980558395386,0.007822513580322266,4.70318078994751,0.7858664989471436,64.28730463981628
0_172,0.23465991020202637,10.644211292266846,47.84067392349243,0.006064176559448242,4.681555509567261,0.7852957248687744,63.98934030532837
1_1,0.23520112037658691,10.617981195449829,48.031691551208496,0.006773948669433594,4.587859869003296,0.7830235958099365,64.04709434509277
1_2,0.24622273445129395,10.616902112960815,47.98381495475769,0.007135152816772461,4.607228994369507,0.7758395671844482,64.00966501235962
1_3,0.26043128967285156,10.569145441055298,48.208691358566284,0.0067861080169677734,4.656283140182495,0.7777707576751709,64.23787951469421
1_4,0.2567405700683594,10.583206176757812,48.0461745262146,0.006567478179931641,4.670459985733032,0.7859535217285156,64.12172389030457
1_5,0.24587678909301758,10.566197872161865,47.8583459854126,0.0068738460540771484,4.647907733917236,0.7778003215789795,63.87697696685791
1_6,0.25148701667785645,10.55925726890564,48.058915853500366,0.006733417510986328,4.661544322967529,0.78623366355896,64.10141587257385
1_7,0.2510645389556885,10.605161666870117,48.10771679878235,0.007486104965209961,4.615392684936523,0.7806065082550049,64.13431668281555
1_8,0.24162888526916504,10.598397970199585,47.86906886100769,0.006822347640991211,4.65888786315918,0.7743074893951416,63.92604351043701
1_9,0.2647569179534912,10.607518196105957,47.856786012649536,0.006951093673706055,4.662278175354004,0.7802083492279053,63.93231391906738
1_10,0.25826215744018555,10.503050327301025,47.893123626708984,0.006792306900024414,4.719944953918457,0.7818193435668945,63.93157362937927
1_11,0.30106043815612793,10.50794243812561,47.98392391204834,0.006992340087890625,4.616781234741211,0.7998650074005127,63.94558787345886
1_12,0.23445367813110352,10.493565320968628,48.13455390930176,0.007084369659423828,4.6050121784210205,0.7813866138458252,64.04208087921143
1_13,0.24865961074829102,10.5375394821167,47.960336208343506,0.007226467132568359,4.651143312454224,0.8008291721343994,63.98537874221802
1_14,0.25001978874206543,10.576722860336304,48.032464027404785,0.006880521774291992,4.683087110519409,0.7814271450042725,64.10161781311035
1_15,0.2583434581756592,10.46657419204712,47.846513986587524,0.006940126419067383,4.602605581283569,0.7907655239105225,63.74229383468628
1_16,0.2362673282623291,10.519121646881104,47.87827968597412,0.006223917007446289,4.58293080329895,0.788825511932373,63.795347690582275
1_17,0.23573613166809082,10.521339893341064,48.04065942764282,0.006983518600463867,4.59032940864563,0.79099440574646,63.977625608444214
1_18,0.24484682083129883,10.58474087715149,47.65838027000427,0.0068798065185546875,4.675057411193848,0.7863025665283203,63.73223352432251
1_19,0.24335694313049316,10.510347366333008,48.035523653030396,0.006788492202758789,4.624459266662598,0.7882695198059082,63.993884801864624
1_20,0.23825287818908691,10.460060119628906,47.815850496292114,0.007498741149902344,4.68537163734436,0.7880384922027588,63.77762508392334
1_21,0.23824071884155273,10.56337308883667,47.815664529800415,0.006938934326171875,4.658201217651367,0.7944653034210205,63.867932081222534
1_22,0.24494075775146484,10.538786888122559,47.73502254486084,0.007109403610229492,4.675766706466675,0.7811768054962158,63.758575201034546
1_23,0.2369399070739746,10.577906370162964,47.85419058799744,0.013686180114746094,4.613878965377808,0.7925136089324951,63.86887073516846
1_24,0.2367076873779297,10.479066371917725,47.77092957496643,0.006768703460693359,4.546708822250366,0.7856576442718506,63.60806918144226
1_25,0.23464679718017578,10.488673686981201,47.65339255332947,0.0064656734466552734,4.701185464859009,0.7860763072967529,63.65349078178406
1_26,0.23415851593017578,10.565252542495728,47.97149348258972,0.006986856460571289,4.6518189907073975,0.7892327308654785,64.01407790184021
1_27,0.23659706115722656,10.55025315284729,47.79347276687622,0.006739616394042969,4.658417701721191,0.7870569229125977,63.81464195251465
1_28,0.23189043998718262,10.587770462036133,48.141743659973145,0.0070972442626953125,4.587415456771851,0.7902095317840576,64.14070010185242
1_29,0.23700404167175293,10.523021936416626,47.601157665252686,0.006844758987426758,4.597330093383789,0.7894666194915771,63.54809379577637
1_30,0.24332642555236816,10.50236439704895,47.891364336013794,0.006793975830078125,4.589318513870239,0.7924129962921143,63.80070114135742
1_31,0.235382080078125,10.505285501480103,47.58378052711487,0.006135225296020508,4.724102020263672,0.8007121086120605,63.65128684043884
1_32,0.23584938049316406,10.559274435043335,47.55210280418396,0.006631612777709961,4.5495805740356445,0.7848918437957764,63.473371744155884
1_33,0.22874999046325684,10.501326322555542,47.63349628448486,0.006642818450927734,4.702782392501831,0.7845668792724609,63.645915269851685
1_34,0.2770802974700928,10.466954231262207,47.94075155258179,0.0077702999114990234,4.637698173522949,0.7856967449188232,63.861812114715576
1_35,0.2350177764892578,10.524654388427734,47.85185718536377,0.006230354309082031,4.686706304550171,0.8019692897796631,63.908244609832764
1_36,0.23514485359191895,10.503447771072388,47.347965717315674,0.007218360900878906,4.639662504196167,0.7862277030944824,63.301581144332886
1_37,0.2675333023071289,10.517476797103882,47.932438135147095,0.0068280696868896484,4.663923978805542,0.7912149429321289,63.94073271751404
1_38,0.23502540588378906,10.499390602111816,47.6244912147522,0.006083250045776367,4.623452663421631,0.7842328548431396,63.55952167510986
1_39,0.2315361499786377,10.53369140625,47.57960081100464,0.006875038146972656,4.581481695175171,0.7932591438293457,63.521583557128906
1_40,0.23093628883361816,10.50142788887024,47.61795520782471,0.006689548492431641,4.617298126220703,0.7873611450195312,63.551560401916504
1_41,0.24308538436889648,10.501699924468994,47.397369623184204,0.006733894348144531,4.62969970703125,0.795555830001831,63.356892347335815
1_42,0.24013233184814453,10.503371000289917,47.61707878112793,0.006354808807373047,4.567376375198364,0.7885963916778564,63.4997284412384
1_43,0.23772406578063965,10.540096998214722,47.59752297401428,0.006863832473754883,4.634700775146484,0.7852010726928711,63.58376860618591
1_44,0.23784708976745605,10.533478260040283,47.78873538970947,0.007952690124511719,4.5759546756744385,0.7867980003356934,63.72153830528259
1_45,0.24155926704406738,10.443666696548462,47.54267954826355,0.006585359573364258,4.615310192108154,0.7858908176422119,63.41450309753418
1_46,0.23088717460632324,10.51513147354126,47.97234535217285,0.008408546447753906,4.601089000701904,0.7847588062286377,63.91266107559204
1_47,0.2335798740386963,10.437395095825195,47.55864453315735,0.00693821907043457,4.596232891082764,0.7856221199035645,63.4030864238739
1_48,0.28207850456237793,10.449409008026123,47.82993173599243,0.006470680236816406,4.562915325164795,0.7888574600219727,63.65659022331238
1_49,0.2352161407470703,10.537136554718018,47.545978307724,0.0066564083099365234,4.574696063995361,0.7862625122070312,63.46954083442688
1_50,0.24348068237304688,10.509202718734741,47.53644943237305,0.006975889205932617,4.594352722167969,0.7867908477783203,63.449673652648926
1_51,0.2686793804168701,10.496873617172241,47.373621463775635,0.006049156188964844,4.5915727615356445,0.7836389541625977,63.281277894973755
1_52,0.24088120460510254,10.50733995437622,47.34239077568054,0.007050275802612305,4.608609199523926,0.7866909503936768,63.27115321159363
1_53,0.24671673774719238,10.459123134613037,47.29907536506653,0.006249189376831055,4.6328911781311035,0.7896490097045898,63.21701383590698
1_54,0.23291921615600586,10.53900694847107,47.28951597213745,0.006222963333129883,4.6886887550354,0.787466287612915,63.33232522010803
1_55,0.22845101356506348,10.498782634735107,47.447617530822754,0.0069844722747802734,4.732381820678711,0.8084948062896729,63.5228054523468
1_56,0.22991132736206055,10.490942239761353,47.564939737319946,0.0073473453521728516,4.667929649353027,0.7864537239074707,63.53805470466614
1_57,0.23859190940856934,10.481767416000366,47.32918906211853,0.00675201416015625,4.628495216369629,0.7886207103729248,63.25326442718506
1_58,0.23642849922180176,10.474016427993774,47.780771255493164,0.0074307918548583984,4.567253351211548,0.7917478084564209,63.63837170600891
1_59,0.23827695846557617,10.413097143173218,47.5287184715271,0.006894111633300781,4.652657508850098,0.7956931591033936,63.416698932647705
1_60,0.23244571685791016,10.535370349884033,47.07473039627075,0.007295846939086914,4.6733386516571045,0.7957038879394531,63.104429721832275
1_61,0.23473834991455078,10.481029748916626,47.27818298339844,0.006612539291381836,4.56623387336731,0.7802221775054932,63.13089561462402
1_62,0.23495841026306152,10.42436933517456,47.36719846725464,0.006371974945068359,4.592342853546143,0.7859094142913818,63.1978063583374
1_63,0.24045276641845703,10.480902910232544,47.22303748130798,0.0069103240966796875,4.553436040878296,0.7876403331756592,63.06870436668396
1_64,0.23559141159057617,10.429925680160522,47.17220187187195,0.007471323013305664,4.658998012542725,0.7915091514587402,63.08874201774597
1_65,0.23643207550048828,10.455921411514282,47.579259157180786,0.00701904296875,4.701757192611694,0.7851190567016602,63.54949164390564
1_66,0.23372626304626465,10.444603443145752,47.30380868911743,0.007426738739013672,4.615066766738892,0.803246259689331,63.19337344169617
1_67,0.2383100986480713,10.486566543579102,47.70196533203125,0.00623011589050293,4.712977170944214,0.7928547859191895,63.72066688537598
1_68,0.24007940292358398,10.500790119171143,47.56993293762207,0.006781339645385742,4.732411861419678,0.7930657863616943,63.61944627761841
1_69,0.24391484260559082,10.450229406356812,47.303664207458496,0.007990837097167969,4.534627676010132,0.7904844284057617,63.103994369506836
1_70,0.23435378074645996,10.479276418685913,46.753626108169556,0.007075786590576172,4.736749649047852,0.7872471809387207,62.79001522064209
1_71,0.23456048965454102,10.450617790222168,46.81556296348572,0.006835222244262695,4.6209259033203125,0.7922155857086182,62.707242250442505
1_72,0.2326948642730713,10.494618654251099,47.34354615211487,0.006981372833251953,4.598080396652222,0.7937676906585693,63.25096154212952
1_73,0.23579978942871094,10.529638528823853,47.01530742645264,0.006900310516357422,4.574370622634888,0.7922325134277344,62.93691277503967
1_74,0.24269723892211914,10.41357946395874,46.79821848869324,0.010923624038696289,4.62916374206543,0.7916812896728516,62.66358661651611
1_75,0.23531842231750488,10.45763635635376,47.03619027137756,0.006987333297729492,4.660887241363525,0.7950677871704102,62.983701944351196
1_76,0.23194313049316406,10.497040748596191,47.39557480812073,0.006688594818115234,4.572687864303589,0.7870821952819824,63.2792809009552
1_77,0.2421407699584961,10.47579836845398,47.15367245674133,0.006754636764526367,4.591779708862305,0.7806837558746338,63.02654433250427
1_78,0.2816770076751709,10.487208843231201,47.203015089035034,0.006775617599487305,4.673688650131226,0.7876062393188477,63.17925810813904
1_79,0.2342212200164795,10.490017175674438,47.231581926345825,0.0066394805908203125,4.754305601119995,0.8022644519805908,63.30172109603882
1_80,0.24010396003723145,10.488285303115845,46.919501066207886,0.006772041320800781,4.611429452896118,0.7917635440826416,62.834004163742065
1_81,0.23779511451721191,10.480098724365234,47.28173780441284,0.006880998611450195,4.634603977203369,0.7910003662109375,63.21228265762329
1_82,0.2352144718170166,10.481552362442017,46.83192729949951,0.0069086551666259766,4.6585752964019775,0.7889103889465332,62.78432321548462
1_83,0.23347067832946777,10.442995548248291,47.130837202072144,0.006753206253051758,4.631729364395142,0.7927236557006836,63.01956367492676
1_84,0.2458946704864502,10.500548839569092,46.927353858947754,0.006858348846435547,4.632222652435303,0.7868916988372803,62.87829875946045
1_85,0.23663568496704102,10.409980773925781,46.98891520500183,0.0068738460540771484,4.6108622550964355,0.79233717918396,62.82786440849304
1_86,0.2334117889404297,10.470794200897217,47.191229581832886,0.006879091262817383,4.676588296890259,0.8016600608825684,63.176037073135376
1_87,0.24206948280334473,10.523902177810669,47.3820686340332,0.006775856018066406,4.58294677734375,0.790177583694458,63.30440330505371
1_88,0.2459883689880371,10.460292100906372,47.31157970428467,0.00704193115234375,4.572623014450073,0.7931644916534424,63.16321611404419
1_89,0.23673415184020996,10.459240198135376,47.171828508377075,0.006342649459838867,4.74901270866394,0.7912352085113525,63.19379186630249
1_90,0.23237252235412598,10.449485778808594,47.36934757232666,0.00638890266418457,4.6093621253967285,0.7902593612670898,63.241392374038696
1_91,0.24343490600585938,10.426482915878296,47.64141011238098,0.0068492889404296875,4.665746212005615,0.7842111587524414,63.54432559013367
1_92,0.24538493156433105,10.433041095733643,47.368751764297485,0.006989240646362305,4.644062280654907,0.7901453971862793,63.27128458023071
1_93,0.23798727989196777,10.504957437515259,47.410133600234985,0.007126808166503906,4.650114059448242,0.7914140224456787,63.38410496711731
1_94,0.2458198070526123,10.394395589828491,47.52020287513733,0.00678706169128418,4.568225622177124,0.7961030006408691,63.31489682197571
1_95,0.23525047302246094,10.429650783538818,47.14956021308899,0.006267070770263672,4.661869525909424,0.7903611660003662,63.058988094329834
1_96,0.24704718589782715,10.468805313110352,47.45515179634094,0.006972312927246094,4.671880483627319,0.7920560836791992,63.41160011291504
1_97,0.23438072204589844,10.424073696136475,47.60700726509094,0.006777763366699219,4.620126247406006,0.7927799224853516,63.46994733810425
1_98,0.24020910263061523,10.461746215820312,47.50252938270569,0.0067327022552490234,4.640028476715088,0.807370662689209,63.4464316368103
1_99,0.23585033416748047,10.444591760635376,47.59564447402954,0.006585597991943359,4.693465709686279,0.7902801036834717,63.55098915100098
1_100,0.24494457244873047,10.463709354400635,47.12151050567627,0.006539344787597656,4.645533084869385,0.7970190048217773,63.053184032440186
1_101,0.23367810249328613,10.436628580093384,47.58021068572998,0.006933450698852539,4.625384569168091,0.8000819683074951,63.4789137840271
1_102,0.23458528518676758,10.446731805801392,47.18293118476868,0.006946563720703125,4.701275110244751,0.786219596862793,63.142858266830444
1_103,0.24044513702392578,10.426379680633545,47.171849727630615,0.007853031158447266,4.646294593811035,0.8251829147338867,63.12991261482239
1_104,0.23299527168273926,10.510261297225952,47.57181215286255,0.006861448287963867,4.579242706298828,0.7900369167327881,63.4836745262146
1_105,0.23467564582824707,10.468218803405762,47.61414384841919,0.007040500640869141,4.537832736968994,0.8004705905914307,63.444457054138184
1_106,0.23536920547485352,10.444087028503418,47.697585105895996,0.0071222782135009766,4.7734479904174805,0.8032486438751221,63.74330377578735
1_107,0.23686742782592773,10.51811933517456,47.21517062187195,0.00682377815246582,4.64587664604187,0.7953922748565674,63.20953154563904
1_108,0.2399280071258545,10.43855595588684,47.19271183013916,0.007802724838256836,4.620750904083252,0.7912676334381104,63.069204330444336
1_109,0.23979759216308594,10.466914653778076,47.557419538497925,0.0070612430572509766,4.529444217681885,0.7898557186126709,63.36948537826538
1_110,0.32914113998413086,10.41851282119751,47.715752601623535,0.007065296173095703,4.673981666564941,0.7977066040039062,63.63205099105835
1_111,0.22989511489868164,10.523288249969482,47.73727369308472,0.008224964141845703,4.690252780914307,0.7923398017883301,63.78004336357117
1_112,0.23452091217041016,10.475803136825562,47.57527828216553,0.006906747817993164,4.664108037948608,0.7926959991455078,63.53540015220642
1_113,0.23488736152648926,10.497373819351196,47.439902782440186,0.0069200992584228516,4.6088526248931885,0.788196325302124,63.35756015777588
1_114,0.23522615432739258,10.49315857887268,47.73141074180603,0.006910562515258789,4.671440601348877,0.7836387157440186,63.71371054649353
1_115,0.23887205123901367,10.473698854446411,47.479405641555786,0.0070209503173828125,4.647729873657227,0.8064408302307129,63.43072962760925
1_116,0.23334050178527832,10.507843732833862,47.32116460800171,0.0065877437591552734,4.5331597328186035,0.789787769317627,63.177226066589355
1_117,0.2352581024169922,10.491534233093262,47.74043416976929,0.006661415100097656,4.591752767562866,0.7928481101989746,63.64166784286499
1_118,0.22988414764404297,10.498486042022705,47.496129751205444,0.006672382354736328,4.625730037689209,0.7955777645111084,63.44913291931152
1_119,0.23670196533203125,10.499333620071411,47.57093906402588,0.005504608154296875,4.6468634605407715,0.79665207862854,63.54039001464844
1_120,0.2334747314453125,10.43368911743164,47.50739407539368,0.008743762969970703,4.7012200355529785,0.797752857208252,63.47726273536682
1_121,0.2391042709350586,10.471448183059692,47.48695707321167,0.006959199905395508,4.6869189739227295,0.7892568111419678,63.46241497993469
1_122,0.24477028846740723,10.501532316207886,47.809319257736206,0.006863594055175781,4.602524757385254,0.7940750122070312,63.74086117744446
1_123,0.2348031997680664,10.501184940338135,47.92219281196594,0.009784936904907227,4.733797550201416,0.7900059223175049,63.975080490112305
1_124,0.23494386672973633,10.49839448928833,47.84902620315552,0.006819963455200195,4.626003742218018,0.7914128303527832,63.78953981399536
1_125,0.2421245574951172,10.444237232208252,47.70833945274353,0.006214618682861328,4.61656379699707,0.8061048984527588,63.61413931846619
1_126,0.23558402061462402,10.517767906188965,47.51635146141052,0.006800174713134766,4.631145715713501,0.7889142036437988,63.47882151603699
1_127,0.23754286766052246,10.516754865646362,47.41805410385132,0.006652116775512695,4.651975393295288,0.7922241687774658,63.40242958068848
1_128,0.23717069625854492,10.514085292816162,47.694366455078125,0.006577014923095703,4.699548959732056,0.7946817874908447,63.725685596466064
1_129,0.23699378967285156,10.478248357772827,47.738136291503906,0.006887197494506836,4.687975883483887,0.7950778007507324,63.72377300262451
1_130,0.2368335723876953,10.519266366958618,47.583834648132324,0.006113767623901367,4.61664342880249,0.7915670871734619,63.53778290748596
1_131,0.23432445526123047,10.446460485458374,47.616270303726196,0.005975246429443359,4.591367244720459,0.8172924518585205,63.51419496536255
1_132,0.23672723770141602,10.49397587776184,47.44481182098389,0.00629878044128418,4.676806688308716,0.78835129737854,63.432982444763184
1_133,0.24340057373046875,10.46067500114441,47.77790284156799,0.006808757781982422,4.6325507164001465,0.7951090335845947,63.69141149520874
1_134,0.2356116771697998,10.488474369049072,47.64759612083435,0.009615898132324219,4.617490530014038,0.7893059253692627,63.57103872299194
1_135,0.23651766777038574,10.446155309677124,47.619840145111084,0.0068264007568359375,4.580329895019531,0.7985999584197998,63.478843688964844
1_136,0.24893951416015625,10.452802658081055,47.713287591934204,0.0065174102783203125,4.638970613479614,0.7925310134887695,63.624051570892334
1_137,0.23663568496704102,10.47025442123413,47.7027862071991,0.006847381591796875,4.60925817489624,0.8033549785614014,63.62045168876648
1_138,0.23969817161560059,10.474846363067627,47.86396503448486,0.006987810134887695,4.703502655029297,0.7991385459899902,63.869248390197754
1_139,0.23125958442687988,10.511723279953003,47.612189531326294,0.008061647415161133,4.671302795410156,0.8077030181884766,63.6402907371521
1_140,0.23995351791381836,10.495719194412231,47.60345268249512,0.006865739822387695,4.616523265838623,0.7953319549560547,63.53778576850891
1_141,0.25275635719299316,10.5169677734375,47.844215869903564,0.0062754154205322266,4.668319225311279,0.79178786277771,63.847447872161865
1_142,0.23787689208984375,10.47056531906128,47.900574684143066,0.006785392761230469,4.672804594039917,0.7936806678771973,63.859841108322144
1_143,0.22990107536315918,10.552392721176147,47.58929991722107,0.006819725036621094,4.630526542663574,0.7900888919830322,63.59767007827759
1_144,0.2358105182647705,10.535584449768066,47.6926748752594,0.007111549377441406,4.634328603744507,0.7921352386474609,63.69266891479492
1_145,0.23766183853149414,10.529988050460815,47.77511715888977,0.006947040557861328,4.666103363037109,0.8039412498474121,63.80122399330139
1_146,0.23723578453063965,10.487761974334717,47.74513506889343,0.006730318069458008,4.69139552116394,0.8063070774078369,63.75543022155762
1_147,0.2327585220336914,10.557045459747314,47.6898832321167,0.006661176681518555,4.660557270050049,0.7941930294036865,63.72462821006775
1_148,0.23038339614868164,10.494159698486328,47.718554735183716,0.006850004196166992,4.628056764602661,0.8012857437133789,63.67542815208435
1_149,0.23713445663452148,10.519791603088379,47.86404848098755,0.006284236907958984,4.663781642913818,0.7933783531188965,63.86775517463684
1_150,0.2398090362548828,10.471184253692627,47.88489508628845,0.006680727005004883,4.710569143295288,0.7936153411865234,63.88418936729431
1_151,0.2349543571472168,10.542771100997925,47.64076614379883,0.006500720977783203,4.633960008621216,0.794503927230835,63.64708161354065
1_152,0.23252391815185547,10.531609535217285,47.675848722457886,0.00618290901184082,4.658528804779053,0.7944033145904541,63.69865846633911
1_153,0.23601102828979492,10.579054117202759,48.03048372268677,0.006926298141479492,4.661944150924683,0.7893738746643066,64.08563089370728
1_154,0.23908472061157227,10.518614768981934,47.93559217453003,0.007249116897583008,5.06922459602356,0.833876371383667,64.38462257385254
1_155,0.2515096664428711,10.682743549346924,57.63376021385193,0.008101224899291992,5.072587251663208,0.7987232208251953,74.2250726222992
1_156,0.24465227127075195,10.863108158111572,77.02751398086548,0.008632659912109375,7.635909080505371,0.8828768730163574,96.45165181159973
1_157,0.2832624912261963,11.05812406539917,55.565051317214966,0.006373882293701172,5.042876720428467,0.797682523727417,72.51400351524353
1_158,0.23360347747802734,10.795610189437866,52.47744059562683,0.006398200988769531,5.337139368057251,0.8147776126861572,69.45397400856018
1_159,0.24396872520446777,10.757381200790405,47.607747316360474,0.006569385528564453,4.7564857006073,0.7935895919799805,63.93857192993164
1_160,0.24335765838623047,10.581803560256958,47.901718854904175,0.00699162483215332,4.602346420288086,0.7943246364593506,63.90556049346924
1_161,0.24197101593017578,10.56345796585083,47.99058389663696,0.006324052810668945,4.674607515335083,0.7983160018920898,64.05104184150696
1_162,0.2374727725982666,10.594013452529907,48.013587474823,0.006160259246826172,4.5627830028533936,0.7898290157318115,63.98476552963257
1_163,0.23438668251037598,10.553232669830322,47.79095673561096,0.0069732666015625,4.732178211212158,0.7957518100738525,63.89517307281494
1_164,0.23756670951843262,10.597143650054932,47.549609899520874,0.008222341537475586,4.781113624572754,0.7976293563842773,63.75216197967529
1_165,0.24173998832702637,10.565509557723999,47.83699059486389,0.00674748420715332,4.718902587890625,0.7999770641326904,63.956679821014404
1_166,0.23388004302978516,10.580742835998535,47.94728684425354,0.006745815277099609,4.52819561958313,0.7964422702789307,63.88000512123108
1_167,0.23939895629882812,10.57240343093872,48.054272174835205,0.006301403045654297,4.575375318527222,0.7974114418029785,64.0359411239624
1_168,0.23916363716125488,10.559467315673828,47.78471302986145,0.006844758987426758,4.707672834396362,0.7974269390106201,63.87659168243408
1_169,0.23200511932373047,10.547760248184204,47.79889798164368,0.006760597229003906,4.572598457336426,0.7999346256256104,63.7426655292511
1_170,0.2319350242614746,10.595436811447144,47.990702629089355,0.0068454742431640625,4.647838354110718,0.794670581817627,64.06545376777649
1_171,0.2330150604248047,10.589369773864746,47.67754793167114,0.006602287292480469,4.57276725769043,0.7963588237762451,63.66161608695984
1_172,0.2392103672027588,10.579736471176147,47.709779262542725,0.007529735565185547,4.543951749801636,0.7978115081787109,63.66818881034851
2_1,0.23584747314453125,10.587939977645874,47.93764138221741,0.006667375564575195,4.750931739807129,0.8075151443481445,64.12104439735413
2_2,0.24232029914855957,10.563656568527222,47.75294637680054,0.007372856140136719,4.681276321411133,0.7985029220581055,63.8204870223999
2_3,0.24299836158752441,10.581798791885376,47.592995405197144,0.006966114044189453,4.745498895645142,0.797666072845459,63.75339984893799
2_4,0.25087666511535645,10.5516197681427,47.91988492012024,0.006794452667236328,4.699783563613892,0.810605525970459,64.0189037322998
2_5,0.25768542289733887,10.570125818252563,47.5689537525177,0.00651240348815918,4.572598457336426,0.7940311431884766,63.53313875198364
2_6,0.24237442016601562,10.559673547744751,47.95833659172058,0.0069637298583984375,4.6529059410095215,0.8002605438232422,63.99650049209595
2_7,0.23430728912353516,10.594319343566895,47.704164028167725,0.007019519805908203,4.635808944702148,0.7994887828826904,63.76740121841431
2_8,0.26502561569213867,10.541303157806396,47.985170125961304,0.006168365478515625,4.684441804885864,0.7976555824279785,64.03497433662415
2_9,0.24687957763671875,10.5513174533844,47.884629249572754,0.005781650543212891,4.727692604064941,0.7995510101318359,63.997339963912964
2_10,0.2443547248840332,10.575621128082275,47.80285978317261,0.006978511810302734,4.6797935962677,0.7949728965759277,63.89079713821411
2_11,0.24538135528564453,10.597938060760498,47.77758026123047,0.006885528564453125,4.7428343296051025,0.7955343723297119,63.93936324119568
2_12,0.24268269538879395,10.56310510635376,47.92231512069702,0.006743431091308594,4.558814525604248,0.799583911895752,63.880847454071045
2_13,0.24339723587036133,10.610862255096436,47.98587942123413,0.006852149963378906,4.603154897689819,0.7917382717132568,64.01930451393127
2_14,0.25629758834838867,10.6010582447052,47.808024644851685,0.006868839263916016,4.560082912445068,0.7951514720916748,63.78955340385437
2_15,0.25546789169311523,10.544336557388306,48.06984758377075,0.006582021713256836,4.766374349594116,0.8001389503479004,64.20683598518372
2_16,0.23578262329101562,10.6136155128479,47.61755180358887,0.007257938385009766,4.670586347579956,0.7997462749481201,63.73837113380432
2_17,0.23148488998413086,10.614628076553345,47.8659462928772,0.006807565689086914,4.5995283126831055,0.7953672409057617,63.90088129043579
2_18,0.23247933387756348,10.575910568237305,47.854352712631226,0.007334232330322266,4.6123223304748535,0.7977685928344727,63.8760929107666
2_19,0.23711466789245605,10.619804382324219,48.007975578308105,0.008610725402832031,4.661911249160767,0.7928619384765625,64.11156296730042
2_20,0.23687195777893066,10.583787202835083,47.82135844230652,0.007852792739868164,4.763171911239624,0.7987556457519531,64.0033712387085
2_21,0.23075175285339355,10.60058069229126,47.76056385040283,0.00665593147277832,4.523013114929199,0.7891690731048584,63.699636697769165
2_22,0.23283123970031738,10.547832012176514,47.754464626312256,0.0069315433502197266,4.847764253616333,0.7979042530059814,63.98405742645264
2_23,0.2349700927734375,10.594635486602783,47.810006618499756,0.006318330764770508,4.570044994354248,0.7927396297454834,63.794851303100586
2_24,0.2431037425994873,10.605393886566162,47.897923707962036,0.005861997604370117,4.83632230758667,0.7928104400634766,64.15727472305298
2_25,0.23897933959960938,10.580953359603882,47.72175121307373,0.0074884891510009766,4.6041579246521,0.795311689376831,63.72974467277527
2_26,0.23266315460205078,10.628654479980469,47.987218379974365,0.005970478057861328,4.68290376663208,0.800020694732666,64.13611221313477
2_27,0.23253345489501953,10.571662902832031,47.55180859565735,0.006254911422729492,4.793493270874023,0.7948229312896729,63.750269412994385
2_28,0.23302006721496582,10.585979700088501,48.10971808433533,0.008092880249023438,4.560598611831665,0.807138204574585,64.10492277145386
2_29,0.23257780075073242,10.58314299583435,47.83618378639221,0.0069713592529296875,4.642914295196533,0.7945644855499268,63.89415884017944
2_30,0.23722529411315918,10.557634353637695,47.81824588775635,0.006686210632324219,4.591662168502808,0.7920715808868408,63.79661273956299
2_31,0.235123872756958,10.583590030670166,48.093437910079956,0.006623506546020508,4.710195302963257,0.804938554763794,64.23009848594666
2_32,0.23699164390563965,10.575644493103027,47.98209357261658,0.006688356399536133,4.801096200942993,0.7901062965393066,64.17623209953308
2_33,0.23707962036132812,10.63246488571167,47.84771490097046,0.0068492889404296875,4.557630300521851,0.7934556007385254,63.865949869155884
2_34,0.23534083366394043,10.592087984085083,47.958436727523804,0.007752895355224609,4.769263505935669,0.7929911613464355,64.13993883132935
2_35,0.23425984382629395,10.623325109481812,47.62398886680603,0.0066678524017333984,4.597415208816528,0.7988715171813965,63.6772677898407
2_36,0.235107421875,10.629624843597412,47.93624973297119,0.006712675094604492,4.744840860366821,0.7903790473937988,64.1277232170105
2_37,0.24005913734436035,10.562081098556519,47.86456632614136,0.0071887969970703125,4.6057538986206055,0.7964663505554199,63.86468863487244
2_38,0.23455405235290527,10.572239637374878,47.98020386695862,0.008173465728759766,4.547498464584351,0.785369873046875,63.91203689575195
2_39,0.23066926002502441,10.596555233001709,47.904059410095215,0.006918430328369141,4.762168645858765,0.7966125011444092,64.09552955627441
2_40,0.23344802856445312,10.575645208358765,47.79552936553955,0.007863521575927734,4.559912919998169,0.8020217418670654,63.76038908958435
2_41,0.2316145896911621,10.667585372924805,47.761847734451294,0.007051229476928711,4.631988286972046,0.8029317855834961,63.90038180351257
2_42,0.23415708541870117,10.602654933929443,47.88685464859009,0.007140159606933594,4.758105993270874,0.7983767986297607,64.08331036567688
2_43,0.2354717254638672,10.595895767211914,47.91257452964783,0.006928205490112305,4.700387954711914,0.8018653392791748,64.04754161834717
2_44,0.23766088485717773,10.60474181175232,47.887983322143555,0.006911277770996094,4.69723916053772,0.7966094017028809,64.02397537231445
2_45,0.23450589179992676,10.627094268798828,47.82762408256531,0.00698089599609375,4.648624658584595,0.803565502166748,63.94440984725952
2_46,0.23290562629699707,10.6503324508667,47.83329701423645,0.006990909576416016,4.820521354675293,0.7997298240661621,64.14069032669067
2_47,0.23715996742248535,10.624668836593628,47.833630084991455,0.006585836410522461,4.757486343383789,0.7970600128173828,64.04933381080627
2_48,0.2362656593322754,10.583348989486694,47.974090814590454,0.0068171024322509766,4.7042975425720215,0.8014447689056396,64.09791588783264
2_49,0.23498797416687012,10.632436990737915,47.91925382614136,0.0070972442626953125,4.686773061752319,0.7985396385192871,64.07454061508179
2_50,0.23676419258117676,10.61661434173584,47.637417793273926,0.006894588470458984,4.708822727203369,0.7984397411346436,63.787532806396484
2_51,0.23681378364562988,10.648744583129883,47.81645131111145,0.01322484016418457,4.673593044281006,0.7986154556274414,63.9796187877655
2_52,0.23443937301635742,10.648820877075195,47.73655152320862,0.006631135940551758,4.729686737060547,0.8021538257598877,63.951820850372314
2_53,0.23489832878112793,10.627323865890503,47.756884813308716,0.0069310665130615234,4.805322170257568,0.801513671875,64.0276825428009
2_54,0.24000954627990723,10.603962421417236,47.95467519760132,0.006924629211425781,4.6744701862335205,0.8004567623138428,64.07061719894409
2_55,0.2447049617767334,10.659785509109497,47.80534052848816,0.0067822933197021484,4.70659327507019,0.801668643951416,64.01070284843445
2_56,0.23787236213684082,10.637979507446289,47.715317487716675,0.006842613220214844,4.715008497238159,0.7950797080993652,63.89171028137207
2_57,0.23569059371948242,10.616052627563477,47.50097036361694,0.006385087966918945,4.74833083152771,0.7994704246520996,63.70270919799805
2_58,0.23662376403808594,10.632449865341187,47.83024477958679,0.007124662399291992,4.761734962463379,0.7962429523468018,64.04804706573486
2_59,0.23219680786132812,10.632715702056885,47.78408122062683,0.0069391727447509766,4.694274663925171,0.8074631690979004,63.94106149673462
2_60,0.23122262954711914,10.690154314041138,47.89341902732849,0.006954193115234375,4.688508033752441,0.7977230548858643,64.10378408432007
2_61,0.23304176330566406,10.636280298233032,47.99593782424927,0.007046699523925781,4.8106701374053955,0.8034648895263672,64.28563952445984
2_62,0.23801279067993164,10.657735109329224,48.07588839530945,0.006674528121948242,4.689876317977905,0.804163932800293,64.26432061195374
2_63,0.23978805541992188,10.634610176086426,48.159934759140015,0.006830453872680664,4.553000450134277,0.80010986328125,64.18488001823425
2_64,0.23728322982788086,10.637351036071777,48.01748585700989,0.006927490234375,4.7201478481292725,0.7951347827911377,64.19731616973877
2_65,0.23085832595825195,10.660675287246704,48.24904942512512,0.00700068473815918,4.740234375,0.8047530651092529,64.49161171913147
2_66,0.23625636100769043,10.680420637130737,48.161699295043945,0.0067708492279052734,4.797447443008423,0.8061428070068359,64.47111558914185
2_67,0.24164342880249023,10.658740043640137,48.18159604072571,0.006932258605957031,4.7133567333221436,0.7955751419067383,64.38448357582092
2_68,0.23594260215759277,10.710442304611206,48.05948185920715,0.006674766540527344,4.676263332366943,0.7944362163543701,64.27763986587524
2_69,0.2360069751739502,10.713989734649658,48.42961859703064,0.0071485042572021484,4.6906702518463135,0.8056328296661377,64.67699670791626
2_70,0.23535990715026855,10.774481534957886,48.135820627212524,0.006778240203857422,4.658811569213867,0.7984991073608398,64.39506959915161
2_71,0.23666739463806152,10.742457628250122,48.47331118583679,0.0067903995513916016,4.625931024551392,0.7983629703521729,64.67544054985046
2_72,0.24789929389953613,10.76801586151123,48.302634954452515,0.00667262077331543,4.6921820640563965,0.8016276359558105,64.60012316703796
2_73,0.23776793479919434,10.79296588897705,48.464547634124756,0.006699323654174805,4.687758445739746,0.7981786727905273,64.77072048187256
2_74,0.23679709434509277,10.716229438781738,48.2835910320282,0.007063865661621094,4.728968858718872,0.7987360954284668,64.55287337303162
2_75,0.24515223503112793,10.734750270843506,48.32810163497925,0.0062105655670166016,4.596246242523193,0.7995960712432861,64.48658037185669
2_76,0.23774409294128418,10.715747356414795,48.310755252838135,0.006671428680419922,4.552550792694092,0.7972579002380371,64.40250992774963
2_77,0.24588704109191895,10.704194068908691,48.53973317146301,0.0064144134521484375,4.70685076713562,0.800297737121582,64.77886390686035
2_78,0.23453450202941895,10.696951627731323,48.15812087059021,0.0068204402923583984,4.628637313842773,0.8014204502105713,64.32119083404541
2_79,0.24209189414978027,10.690743923187256,48.103546142578125,0.0066945552825927734,4.77814793586731,0.8065216541290283,64.4061803817749
2_80,0.23200297355651855,10.686877489089966,48.18419408798218,0.006039857864379883,4.727054595947266,0.8060958385467529,64.44210410118103
2_81,0.23387932777404785,10.719075918197632,48.06654167175293,0.006906032562255859,4.668760061264038,0.7992610931396484,64.29025554656982
2_82,0.23815059661865234,10.73360276222229,47.92732310295105,0.006660938262939453,4.744354724884033,0.8020229339599609,64.24557256698608
2_83,0.23659777641296387,10.722959756851196,47.97933506965637,0.0063250064849853516,4.712963581085205,0.8010039329528809,64.24423027038574
2_84,0.23250365257263184,10.688079357147217,48.17138600349426,0.007061958312988281,4.700599908828735,0.7979385852813721,64.3957142829895
2_85,0.23777151107788086,10.641656875610352,47.99655604362488,0.007566213607788086,4.717907667160034,0.799985408782959,64.1936342716217
2_86,0.23485207557678223,10.698983907699585,47.92207717895508,0.0061779022216796875,4.654507875442505,0.7964460849761963,64.10055422782898
2_87,0.2393205165863037,10.635637521743774,47.99401021003723,0.00684666633605957,4.758215665817261,0.7966353893280029,64.22045707702637
2_88,0.23676371574401855,10.694328308105469,47.79388451576233,0.006320953369140625,4.617417812347412,0.8099124431610107,63.957682371139526
2_89,0.23776555061340332,10.656982660293579,48.23572087287903,0.007136106491088867,4.666141748428345,0.8000068664550781,64.3966896533966
2_90,0.23538637161254883,10.695418119430542,47.97301149368286,0.007104158401489258,4.632136583328247,0.7918734550476074,64.11825585365295
2_91,0.23584723472595215,10.63789701461792,48.24352478981018,0.00682520866394043,4.740653991699219,0.8059289455413818,64.46367907524109
2_92,0.23213624954223633,10.68480896949768,48.43291664123535,0.0069732666015625,4.626648426055908,0.7986178398132324,64.57062363624573
2_93,0.23498940467834473,10.673274755477905,48.163400173187256,0.0075109004974365234,4.751943588256836,0.8000166416168213,64.42457795143127
2_94,0.23309659957885742,10.69507622718811,48.19749069213867,0.008140802383422852,4.703500270843506,0.794846773147583,64.42886996269226
2_95,0.2436373233795166,10.6908540725708,48.37561893463135,0.006089687347412109,4.807873249053955,0.804858922958374,64.70503902435303
2_96,0.23569941520690918,10.719736814498901,48.278810262680054,0.0070950984954833984,4.857861757278442,0.8082370758056641,64.70023036003113
2_97,0.23764538764953613,10.701610803604126,48.42564535140991,0.006884574890136719,4.597740411758423,0.8052537441253662,64.55763602256775
2_98,0.23910975456237793,10.754961729049683,48.52276110649109,0.006946563720703125,4.7456395626068115,0.8045008182525635,64.85286474227905
2_99,0.23167204856872559,10.734983444213867,48.40895438194275,0.0067026615142822266,4.6572582721710205,0.7991108894348145,64.62619352340698
2_100,0.23533010482788086,10.738773584365845,48.4593300819397,0.006796598434448242,4.797858238220215,0.8010807037353516,64.83072757720947
2_101,0.2443540096282959,10.749629735946655,48.390618324279785,0.006916046142578125,4.725417613983154,0.7972447872161865,64.6896481513977
2_102,0.23678350448608398,10.749614715576172,48.33847713470459,0.006121158599853516,4.788156986236572,0.7998905181884766,64.7133891582489
2_103,0.2343590259552002,10.790842533111572,48.73468804359436,0.006922721862792969,4.701695442199707,0.8011837005615234,65.05322742462158
2_104,0.24474430084228516,10.777451992034912,48.53505992889404,0.007600069046020508,4.697327613830566,0.8040006160736084,64.850266456604
2_105,0.2288670539855957,10.800593852996826,48.569660902023315,0.0069103240966796875,4.713081359863281,0.7969846725463867,64.90787386894226
2_106,0.23179078102111816,10.817521572113037,48.2898952960968,0.006851911544799805,4.785775423049927,0.8059043884277344,64.73263192176819
2_107,0.2314164638519287,10.708749532699585,48.461225509643555,0.006638765335083008,4.694180727005005,0.8045127391815186,64.7064995765686
2_108,0.23932194709777832,10.732420921325684,48.576026916503906,0.007301807403564453,4.7317187786102295,0.801952600479126,64.86962461471558
2_109,0.23975706100463867,10.731764793395996,48.53997826576233,0.007083892822265625,4.757304906845093,0.8079500198364258,64.87027931213379
2_110,0.23563146591186523,10.72585678100586,48.632351875305176,0.006973743438720703,4.741700649261475,0.8004353046417236,64.92595887184143
2_111,0.24327373504638672,10.722668170928955,48.833768367767334,0.006397247314453125,4.753594875335693,0.797766923904419,65.14435076713562
2_112,0.2372298240661621,10.706963300704956,48.62698006629944,0.008615255355834961,4.574124574661255,0.7980804443359375,64.73588275909424
2_113,0.23562073707580566,10.733626365661621,48.64875650405884,0.007861137390136719,4.632704973220825,0.8020610809326172,64.85396361351013
2_114,0.2467021942138672,10.733635425567627,48.62804818153381,0.007007598876953125,4.621462345123291,0.8027353286743164,64.82132625579834
2_115,0.23622584342956543,10.696911096572876,48.32030987739563,0.006375551223754883,4.9000537395477295,0.8047189712524414,64.75882649421692
2_116,0.2343435287475586,10.717795610427856,48.41343116760254,0.0062634944915771484,4.637697696685791,0.8021245002746582,64.5956814289093
2_117,0.23556923866271973,10.715977668762207,48.53348684310913,0.00658416748046875,4.7475996017456055,0.8049721717834473,64.83745503425598
2_118,0.2366786003112793,10.361642122268677,48.5952935218811,0.006008148193359375,4.752575397491455,0.7981574535369873,64.53932523727417
2_119,0.23608922958374023,10.726115465164185,48.6415810585022,0.0067479610443115234,4.626742124557495,0.8055975437164307,64.83391499519348
2_120,0.2353801727294922,10.831325054168701,48.70262837409973,0.006874561309814453,4.721584320068359,0.7857089042663574,65.06904554367065
2_121,0.23844552040100098,10.816107511520386,48.53412628173828,0.006760835647583008,4.637218713760376,0.8003430366516113,64.82323122024536
2_122,0.23645663261413574,10.418928623199463,48.83804512023926,0.006654262542724609,4.7455549240112305,0.8012611865997314,64.84079480171204
2_123,0.23656773567199707,10.51191759109497,48.36116600036621,0.0068817138671875,4.6007256507873535,0.8042593002319336,64.31797218322754
2_124,0.24005651473999023,10.423500299453735,48.61317229270935,0.006889820098876953,4.558260202407837,0.7974140644073486,64.4270372390747
2_125,0.2363266944885254,10.456451416015625,48.27944874763489,0.0068340301513671875,4.713807106018066,0.8035950660705566,64.29083919525146
2_126,0.23865103721618652,10.32801342010498,48.564878940582275,0.0066945552825927734,4.738911151885986,0.7985954284667969,64.46664905548096
